1.01.02.2.01.0006	Pembangunan Sarana, Prasarana dan Utilitas Sekolah
1.01.02.2.01.0009	Rehabilitasi Sedang/Berat Ruang Guru/Kepala Sekolah/TU
1.01.02.2.01.0011	Rehabilitasi Sedang/Berat Perpustakaan Sekolah
1.01.02.2.01.0014	Pengadaan Mebel Sekolah
1.01.02.2.01.0015	Pengadaan Alat Rumah Tangga Sekolah
1.01.02.2.01.0019	Pemeliharaan Rutin Sarana, Prasarana dan Utilitas Sekolah
1.01.02.2.01.0025	Pembinaan Minat, Bakat dan Kreativitas Siswa
1.01.02.2.01.0028	Pembinaan Kelembagaan dan Manajemen Sekolah
1.01.02.2.01.0029	Pengelolaan Dana BOS Sekolah Dasar
1.01.02.2.01.0038	Koordinasi, Perencanaan, Supervisi dan Evaluasi Layanan di Bidang Pendidikan 
1.01.02.2.01.0039	Sosialisasi dan Advokasi Kebijakan Bidang Pendidikan
1.01.02.2.01.0047	Pembangunan Ruang Kelas Baru
1.01.02.2.01.0048	Rehabilitasi Sedang/Berat Sarana, Prasarana dan Utilitas Sekolah
1.01.02.2.01.0049	Bimbingan Teknis, Pelatihan, dan/atau Magang/PKL untuk Peningkatan Kapasitas Bidang Pendidikan
1.01.02.2.01.0050	Penyelenggaraan Proses Belajar Bagi Peserta Didik
1.01.02.2.01.0051	Rehabilitasi Sedang/Berat Ruang Kelas Sekolah
1.01.02.2.01.0054	Penyediaan Biaya Personil Peserta Didik Sekolah Dasar
1.01.02.2.01.0055	Pengadaan Alat Praktik dan Peraga Peserta Didik
1.01.02.2.02.0007	Pembangunan Ruang Serba Guna/Aula
1.01.02.2.02.0012	Pembangunan Sarana, Prasarana dan Utilitas Sekolah
1.01.02.2.02.0014	Rehabilitasi Sedang/Berat Ruang Kelas Sekolah
1.01.02.2.02.0017	Rehabilitasi Sedang/Berat Perpustakaan Sekolah
1.01.02.2.02.0024	Rehabilitasi Sedang/Berat Sarana, Prasarana dan Utilitas Sekolah
1.01.02.2.02.0025	Pengadaan Mebel Sekolah
1.01.02.2.02.0026	Pengadaan Alat Rumah Tangga Sekolah
1.01.02.2.02.0030	Pemeliharaan Rutin Sarana, Prasarana dan Utilitas Sekolah
1.01.02.2.02.0032	Penyediaan Biaya Personil Peserta Didik Sekolah Menengah Pertama
1.01.02.2.02.0038	Pembinaan Minat, Bakat dan Kreativitas Siswa
1.01.02.2.02.0041	Pembinaan Kelembagaan dan Manajemen Sekolah
1.01.02.2.02.0042	Pengelolaan Dana BOS Sekolah Menengah Pertama
1.01.02.2.02.0052	Sosialisasi dan Advokasi Kebijakan Bidang Pendidikan
1.01.02.2.02.0058	Penyelenggaraan Proses Belajar bagi Peserta Didik
1.01.02.2.02.0059	Pembangunan Ruang Kelas Baru
1.01.02.2.02.0060	Bimbingan Teknis, Pelatihan, dan/atau Magang/PKL untuk Peningkatan Kapasitas Bidang Pendidikan
1.01.02.2.02.0067	Pengadaan Alat Praktik dan Peraga Peserta Didik
1.01.02.2.03.0002	Pembangunan Sarana, Prasarana dan Utilitas PAUD
1.01.02.2.03.0009	Pengadaan Perlengkapan PAUD
1.01.02.2.03.0016	Pengembangan Karir Pendidik dan Tenaga Kependidikan pada Satuan Pendidikan PAUD
1.01.02.2.03.0018	Pengelolaan Dana BOP PAUD
1.01.02.2.03.0019	Peningkatan Kapasitas Pengelolaan Dana BOP PAUD
1.01.02.2.03.0026	Sosialisasi dan Advokasi Kebijakan Bidang Pendidikan
1.01.02.2.03.0039	Bimbingan Teknis, Pelatihan, dan/atau Magang/PKL untuk Peningkatan Kapasitas Bidang Pendidikan
1.01.02.2.03.0045	Rehabilitasi Sedang/Berat Sarana, Prasarana dan Utilitas PAUD
1.01.02.2.03.0046	Pengadaan Alat Praktik dan Peraga  Peserta Didik PAUD
1.01.02.2.03.0049	Rehabilitasi sedang/berat Ruang Guru/Kepala Sekolah/TU
1.01.02.2.04.0010	Penyediaan Biaya Personil Peserta Didik Nonformal/Kesetaraan
1.01.02.2.04.0015	Pengembangan Karir Pendidik dan Tenaga Kependidikan pada Satuan Pendidikan Nonformal/Kesetaraan
1.01.02.2.04.0017	Pengelolaan Dana BOP Sekolah Nonformal/Kesetaraan
1.01.02.2.04.0018	Peningkatan Kapasitas Pengelolaan Dana BOP Sekolah Nonformal/Kesetaraan
1.01.02.2.04.0041	Rehabilitasi Sedang/Berat Sarana, Prasarana dan Utilitas Sekolah
1.01.02.2.04.0046	Penyelenggaraan Proses Belajar bagi Peserta Didik
1.01.02.2.04.0055	Pengadaan Alat Praktik dan Peraga Peserta Didik Nonformal / Kesetaraan
1.01.04.2.01.0001	Perhitungan dan Pemetaan Pendidik dan Tenaga Kependidikan Satuan Pendidikan Dasar, PAUD, dan Pendidikan Nonformal/Kesetaraan
1.01.04.2.01.0002	Penataan Pendistribusian Pendidik dan Tenaga Kependidikan bagi Satuan Pendidikan Dasar, PAUD, dan Pendidikan Nonformal/Kesetaraan
1.01.01.2.01.0001	Penyusunan Dokumen Perencanaan Perangkat Daerah
1.01.01.2.01.0006	Koordinasi dan Penyusunan Laporan Capaian Kinerja dan Ikhtisar Realisasi Kinerja SKPD
1.01.01.2.01.0007	Evaluasi Kinerja Perangkat Daerah
1.01.01.2.02.0001	Penyediaan Gaji dan Tunjangan ASN
1.01.01.2.02.0003	"Pelaksanaan Penatausahaan dan

Pengujian/Verifikasi Keuangan SKPD"
1.01.01.2.02.0007	Koordinasi dan Penyusunan Laporan Keuangan Bulanan/ Triwulanan/ Semesteran SKPD
1.01.01.2.06.0001	"Penyediaan Komponen Instalasi

Listrik/Penerangan Bangunan Kantor"
1.01.01.2.06.0002	Penyediaan Peralatan dan Perlengkapan Kantor
1.01.01.2.06.0003	Penyediaan Peralatan Rumah Tangga
1.01.01.2.06.0004	Penyediaan Bahan Logistik Kantor
1.01.01.2.06.0005	Penyediaan Barang Cetakan dan Penggandaan
1.01.01.2.07.0001	Pengadaan Kendaraan Perorangan Dinas atau Kendaraan Dinas Jabatan
1.01.01.2.07.0006	Pengadaan Peralatan dan Mesin Lainnya
1.01.01.2.07.0007	Pengadaan Aset Tetap Lainnya
1.01.01.2.07.0010	Pengadaan Sarana dan Prasarana Gedung Kantor atau Bangunan Lainnya
1.01.01.2.07.0011	Pengadaan Sarana dan Prasarana Pendukung Gedung Kantor atau Bangunan Lainnya
1.01.01.2.08.0002	Penyediaan Jasa Komunikasi, Sumber Daya Air dan Listrik
1.01.01.2.08.0004	Penyediaan Jasa Pelayanan Umum Kantor
1.01.01.2.09.0002	Penyediaan Jasa Pemeliharaan, Biaya Pemeliharaan, Pajak dan Perizinan Kendaraan Dinas Operasional atau Lapangan
1.01.01.2.09.0009	Pemeliharaan/Rehabilitasi Gedung Kantor dan Bangunan Lainnya
1.01.01.2.09.0010	Pemeliharaan/Rehabilitasi Sarana dan Prasarana Gedung Kantor atau Bangunan Lainnya
2.19.02.2.01.0013	Koordinasi, Sinkronisasi dan Penyelenggaraan Pengembangan kepemimpinan pemuda tingkat kabupaten/kota
2.19.02.2.01.0015	Koordinasi, Sinkronisasi dan Penyelenggaraan Pengembangan Kepeloporan Pemuda bagi Pemuda Pelopor Tingkat Kabupaten/kota
2.19.02.2.02.0003	Koordinasi, sinkronisasi, dan penyelenggaran pengembangan organisasi kepemudaan tingkat kabupaten/kota
2.19.03.2.02.0006	Keikutsertaan anggota kontingen kabupaten/kota dalam Penyelenggaraan pekan dan kejuaraan olahraga
2.19.03.2.03.0007	Pemberian Penghargaan olahraga bagi yang berprestasi dan/atau berjasa dalam memajukan Olahraga
2.19.03.2.04.0005	Pelaksanaan Standar nasional pengelolaan Organisasi Keolahragaan di kabupaten/kota
2.19.04.2.01.0002	Peningkatan Kapasitas Organisasi Kepramukaan Tingkat Daerah
1.02.02.2.01.0001	Pembangunan Rumah Sakit beserta Sarana dan Prasarana Pendukungnya
1.02.02.2.01.0002	Pembangunan Puskesmas
1.02.02.2.01.0003	Pembangunan Fasilitas Kesehatan Lainnya
1.02.02.2.01.0004	Pembangunan Rumah Dinas Tenaga Kesehatan
1.02.02.2.01.0008	Rehabilitasi dan Pemeliharaan Rumah Sakit
1.02.02.2.01.0009	Rehabilitasi dan Pemeliharaan Puskesmas
1.02.02.2.01.0010	Rehabilitasi dan Pemeliharaan Fasilitas Kesehatan Lainnya
1.02.02.2.01.0014	Pengadaan Alat Kesehatan/Alat Penunjang Medik Fasilitas Pelayanan Kesehatan
1.02.02.2.01.0015	Pengadaan dan Pemeliharaan Alat Kalibrasi 
1.02.02.2.01.0020	Pemeliharaan Rutin dan Berkala Alat Kesehatan/Alat Penunjang Medik Fasilitas Pelayanan Kesehatan
1.02.02.2.01.0023	Pengadaan Obat, Bahan Habis Pakai, Bahan Medis Habis Pakai,, Vaksin, Makanan dan Minuman di Fasilitas Kesehatan
1.02.02.2.01.0024	Pengelolaan Pelayanan Kesehatan Dasar Melalui Pendekatan Keluarga
1.02.02.2.01.0026	Distribusi  Alat Kesehatan, Obat, Bahan Habis Pakai, Bahan Medis Habis Pakai, Vaksin, Makanan dan Minuman ke Fasilitas Kesehatan
1.02.02.2.02.0001	Pengelolaan Pelayanan Kesehatan Ibu Hamil
1.02.02.2.02.0002	Pengelolaan Pelayanan Kesehatan Ibu Bersalin
1.02.02.2.02.0003	Pengelolaan Pelayanan Kesehatan Bayi Baru Lahir
1.02.02.2.02.0004	Pengelolaan Pelayanan Kesehatan Balita
1.02.02.2.02.0005	Pengelolaan Pelayanan Kesehatan pada Usia Pendidikan Dasar
1.02.02.2.02.0006	Pengelolaan Pelayanan Kesehatan pada Usia Produktif
1.02.02.2.02.0007	Pengelolaan Pelayanan Kesehatan pada Usia Lanjut 
1.02.02.2.02.0008	Pengelolaan Pelayanan Kesehatan Penderita Hipertensi
1.02.02.2.02.0009	Pengelolaan Pelayanan Kesehatan Penderita Diabetes Melitus
1.02.02.2.02.0010	Pengelolaan Pelayanan Kesehatan Orang dengan Gangguan Jiwa Berat
1.02.02.2.02.0011	Pengelolaan Pelayanan Kesehatan Orang Terduga Tuberkulosis
1.02.02.2.02.0012	Pengelolaan Pelayanan Kesehatan Orang dengan Risiko Terinfeksi HIV
1.02.02.2.02.0013	Pengelolaan Pelayanan Kesehatan bagi Penduduk pada Kondisi Kejadian Luar Biasa (KLB)
1.02.02.2.02.0014	Pengelolaan Pelayanan Kesehatan bagi Penduduk Terdampak Krisis Kesehatan Akibat Bencana dan/atau Berpotensi Bencana
1.02.02.2.02.0015	Pengelolaan Pelayanan Kesehatan Gizi Masyarakat
1.02.02.2.02.0016	Pengelolaan Pelayanan Kesehatan Kerja dan Olahraga
1.02.02.2.02.0017	Pengelolaan Pelayanan Kesehatan Lingkungan 
1.02.02.2.02.0018	Pengelolaan Pelayanan Promosi Kesehatan 
1.02.02.2.02.0019	Pengelolaan Pelayanan Kesehatan Tradisional, Akupuntur, Asuhan Mandiri, dan Tradisional Lainnya
1.02.02.2.02.0020	Pengelolaan Surveilans Kesehatan
1.02.02.2.02.0021	Pengelolaan Pelayanan Kesehatan Orang dengan Masalah Kesehatan Jiwa (ODMK)
1.02.02.2.02.0025	Pelayanan Kesehatan Penyakit Menular dan Tidak Menular
1.02.02.2.02.0026	Pengelolaan Jaminan Kesehatan Masyarakat
1.02.02.2.02.0028	Pengambilan dan Pengiriman Spesimen Penyakit Potensial KLB ke Laboratorium Rujukan/Nasional
1.02.02.2.02.0029	Penyelenggaraan Kabupaten/Kota Sehat
1.02.02.2.02.0033	Operasional Pelayanan Puskesmas
1.02.02.2.02.0034	Operasional Pelayanan Fasilitas Kesehatan Lainnya
1.02.02.2.02.0038	Penyediaan dan Pengelolaan Sistem Penanganan Gawat Darurat Terpadu (SPGDT)
1.02.02.2.02.0040	Pengelolaan pelayanan kesehatan orang dengan Tuberkulosis
1.02.02.2.02.0041	Pengelolaan pelayanan kesehatan orang dengan HIV (ODHIV)
1.02.02.2.02.0042	Pengelolaan pelayanan kesehatan Malaria
1.02.02.2.02.0043	Pengelolaan Kawasan tanpa rokok
1.02.02.2.02.0045	Koordinasi dan Sinkronisasi  Penerapan SPM Bidang Kesehatan  Kabupaten/Kota
1.02.02.2.02.0046	Pengelolaan upaya kesehatan Ibu dan Anak
1.02.02.2.02.0048	Pengelolaan Layanan Imunisasi
1.02.02.2.02.0050	Pengelolaan Pelayanan Kesehatan Haji
1.02.02.2.03.0002	Pengelolaan Sistem Informasi Kesehatan
1.02.02.2.04.0001	Pengendalian dan Pengawasan serta Tindak Lanjut Pengawasan Perizinan Rumah Sakit Kelas C, D dan Fasilitas Pelayanan Kesehatan Lainnya
1.02.02.2.04.0003	Peningkatan Mutu Pelayanan Fasilitas Kesehatan 
1.02.02.2.04.0004	Penyiapan Perumusan dan Pelaksanaan Pelayanan Kesehatan Rujukan
1.02.03.2.02.0001	Perencanaan dan Distribusi serta Pemerataan Sumber Daya Manusia Kesehatan
1.02.03.2.02.0002	Pemenuhan Kebutuhan Sumber Daya Manusia Kesehatan Sesuai Standar
1.02.03.2.02.0003	Pembinaan dan Pengawasan Sumber Daya Manusia Kesehatan
1.02.03.2.03.0001	Pengembangan Mutu dan Peningkatan Kompetensi Teknis Sumber Daya Manusia Kesehatan Tingkat Daerah Kabupaten/Kota
1.02.04.2.03.0001	Pengendalian dan Pengawasan serta Tindak Lanjut Pengawasan Sertifikat Produksi Pangan Industri Rumah Tangga dan Nomor P-IRT sebagai Izin Produksi, untuk Produk Makanan Minuman Tertentu yang Dapat Diproduksi oleh Industri Rumah Tangga
1.02.04.2.04.0001	Pengendalian dan Pengawasan serta Tindak Lanjut Pengawasan Penerbitan Sertifikat Laik Higiene Sanitasi Tempat Pengelolaan Makanan (TPM) antara lain Jasa Boga, Rumah Makan/Restoran dan Depot Air Minum (DAM)
1.02.05.2.01.0001	Peningkatan Upaya Promosi Kesehatan, Advokasi, Kemitraan dan Pemberdayaan Masyarakat
1.02.05.2.02.0001	Penyelenggaraan Promosi Kesehatan dan Gerakan Hidup Bersih dan Sehat
1.02.05.2.03.0001	Bimbingan Teknis dan Supervisi Pengembangan dan Pelaksanaan Upaya Kesehatan Bersumber Daya Masyarakat (UKBM)
1.02.01.2.01.0006	Koordinasi dan Penyusunan Laporan Capaian Kinerja dan Ikhtisar Realisasi Kinerja SKPD
1.02.01.2.01.0007	Evaluasi Kinerja Perangkat Daerah
1.02.01.2.02.0001	Penyediaan Gaji dan Tunjangan ASN
1.02.01.2.02.0003	"Pelaksanaan Penatausahaan dan

Pengujian/Verifikasi Keuangan SKPD"
1.02.01.2.02.0005	Koordinasi dan Penyusunan Laporan Keuangan Akhir Tahun SKPD
1.02.01.2.03.0005	Rekonsiliasi dan Penyusunan Laporan Barang Milik Daerah pada SKPD
1.02.01.2.05.0005	Monitoring, Evaluasi, dan Penilaian Kinerja Pegawai
1.02.01.2.05.0009	Pendidikan dan Pelatihan Pegawai Berdasarkan Tugas dan Fungsi
1.02.01.2.06.0002	Penyediaan Peralatan dan Perlengkapan Kantor
1.02.01.2.06.0004	Penyediaan Bahan Logistik Kantor
1.02.01.2.07.0005	Pengadaan Mebel
1.02.01.2.07.0010	Pengadaan Sarana dan Prasarana Gedung Kantor atau Bangunan Lainnya
1.02.01.2.07.0011	Pengadaan Sarana dan Prasarana Pendukung Gedung Kantor atau Bangunan Lainnya
1.02.01.2.08.0002	Penyediaan Jasa Komunikasi, Sumber Daya Air dan Listrik
1.02.01.2.08.0004	Penyediaan Jasa Pelayanan Umum Kantor
1.02.01.2.09.0001	Penyediaan Jasa Pemeliharaan, Biaya Pemeliharaan, dan Pajak Kendaraan Perorangan Dinas atau Kendaraan Dinas Jabatan
1.02.01.2.09.0002	Penyediaan Jasa Pemeliharaan, Biaya Pemeliharaan, Pajak dan Perizinan Kendaraan Dinas Operasional atau Lapangan
1.02.01.2.09.0006	Pemeliharaan Peralatan dan Mesin Lainnya
1.02.01.2.09.0008	Pemeliharaan Aset Tak Berwujud
1.02.01.2.09.0009	Pemeliharaan/Rehabilitasi Gedung Kantor dan Bangunan Lainnya
1.02.01.2.09.0010	Pemeliharaan/Rehabilitasi Sarana dan Prasarana Gedung Kantor atau Bangunan Lainnya
1.02.01.2.10.0001	Pelayanan dan Penunjang Pelayanan BLUD
1.03.02.2.01.0075	Pembinaan dan Pemberdayaan Kelembagaan Pengelolaan SDA Kewenangan Kabupaten/Kota
1.03.02.2.01.0127	Penyusunan Rencana Teknis dan Dokumen Lingkungan Hidup untuk Konstruksi Air Tanah dan Air Baku
1.03.02.2.02.0002	Pembangunan Jaringan Irigasi Permukaan
1.03.02.2.02.0008	Peningkatan Jaringan Irigasi Permukaan
1.03.02.2.02.0014	Rehabilitasi Jaringan Irigasi Permukaan
1.03.02.2.02.0021	Operasi dan Pemeliharaan Jaringan Irigasi Permukaan
1.03.02.2.02.0044	Operasional Kelembagaan Pengelola Irigasi
1.03.02.2.02.0050	Penyusunan Dukungan Teknis bidang Irigasi dan Rawa
1.03.03.2.01.0024	Pembinaan dan Pemberdayaan Masyarakat dalam Pengelolaan dan Pengembangan Sistem Penyediaan Air Minum (SPAM)
1.03.03.2.01.0025	Penyusunan Rencana, Kebijakan, Strategi dan Teknis Sistem Penyediaan Air Minum (SPAM)
1.03.03.2.01.0026	Peningkatan Sistem Penyediaan Air Minum (SPAM) Jaringan Perpipaan
1.03.03.2.01.0028	Pembangunan Sistem Penyediaan Air Minum (SPAM) Jaringan Perpipaan
1.03.03.2.01.0029	Operasi dan Pemeliharaan Sistem Penyediaan Air Minum (SPAM)
1.03.03.2.01.0032	Perluasan Sistem Penyediaan Air Minum (SPAM) Jaringan Perpipaan
1.03.05.2.01.0022	Pembangunan Sistem Pengelolaan Air Limbah Domestik (SPALD) Terpusat Skala Permukiman
1.03.05.2.01.0040	Pembinaan dan Pemberdayaan Masyarakat dalam Pengembangan Sistem Pengelolaan Air Limbah Domestik (SPALD)
1.03.08.2.01.0017	Pengubahsuaian Bangunan Gedung untuk Kepentingan Strategis Daerah Kabupaten/Kota
1.03.08.2.01.0018	Pemeliharaan, Perawatan, dan Pemeriksaan Berkala Bangunan Gedung untuk Kepentingan Strategis Daerah Kabupaten/Kota
1.03.08.2.01.0021	Pembangunan, Pemanfaatan,  Pelestariaan dan Pembongkaran Bangunan Gedung untuk Kepentingan Strategis Daerah Kabupaten/Kota
1.03.08.2.01.0022	Pembinaan dan Pengawasan Penyelenggaraan Bangunan Gedung
1.03.08.2.01.0023	Penyelenggaraan Penerbitan Persetujuan Bangunan Gedung (PBG), Sertifikat Laik Fungsi (SLF), Surat Bukti Kepemilikan Bangunan Gedung (SBKBG),  Rencana Teknis Pembongkaran Bangunan Gedung (RTB),  Tim Profesi Ahli (TPA), Tim Penilai Teknis (TPT), Penilik, dan Pendataan Bangunan Gedung melalui SIMBG
1.03.10.2.01.0028	Pengelolaan Leger Jalan
1.03.10.2.01.0029	Penyusunan Rencana, Kebijakan, Strategi dan Teknis Pengembangan Jaringan Jalan serta Perencanaan Teknis Penyelenggaraan Jalan dan Jembatan
1.03.10.2.01.0043	Survey Kondisi Jalan/Jembatan
1.03.10.2.01.0049	Pelebaran Jembatan
1.03.10.2.01.0051	Pemeliharaan Rutin Jalan
1.03.10.2.01.0055	Rehabilitasi Jalan
1.03.10.2.01.0056	Pemeliharaan Berkala Jalan
1.03.10.2.01.0057	Penggantian Jembatan
1.03.10.2.01.0058	Rehabilitasi Jembatan
1.03.10.2.01.0059	Rekonstruksi Jalan
1.03.10.2.01.0060	Pengawasan Penyelenggaraan Jalan Kewenangan Kabupaten/Kota dan Desa
1.03.10.2.01.0061	Pemeliharaan Berkala Jembatan
1.03.10.2.01.0069	Pembangunan Jembatan
1.03.11.2.01.0011	Pembinaan dan Peningkatan Kapasitas Kelembagaan Jasa Konstruksi
1.03.12.2.01.0005	Pelaksanaan Persetujuan Substansi RTRW Kabupaten/Kota
1.03.12.2.01.0006	Pelaksanaan Persetujuan Substansi RDTR Kabupaten/Kota
1.03.12.2.01.0013	Sosialisasi Kebijakan dan Peraturan Perundang-Undangan Bidang Penataan Ruang
1.03.12.2.02.0005	Penyusunan RDTR Kabupaten/Kota
1.03.12.2.03.0005	Pelaksanaan Sinkronisasi Program Pemanfaatan Ruang
1.03.12.2.04.0004	Koordinasi Pelaksanaan Penataan Ruang 
1.03.01.2.01.0006	Koordinasi dan Penyusunan Laporan Capaian Kinerja dan Ikhtisar Realisasi Kinerja SKPD
1.03.01.2.02.0001	Penyediaan Gaji dan Tunjangan ASN
1.03.01.2.02.0003	"Pelaksanaan Penatausahaan dan

Pengujian/Verifikasi Keuangan SKPD"
1.03.01.2.05.0009	Pendidikan dan Pelatihan Pegawai Berdasarkan Tugas dan Fungsi
1.03.01.2.06.0002	Penyediaan Peralatan dan Perlengkapan Kantor
1.03.01.2.06.0004	Penyediaan Bahan Logistik Kantor
1.03.01.2.07.0006	Pengadaan Peralatan dan Mesin Lainnya
1.03.01.2.07.0011	Pengadaan Sarana dan Prasarana Pendukung Gedung Kantor atau Bangunan Lainnya
1.03.01.2.08.0002	Penyediaan Jasa Komunikasi, Sumber Daya Air dan Listrik
1.03.01.2.08.0004	Penyediaan Jasa Pelayanan Umum Kantor
1.03.01.2.09.0001	Penyediaan Jasa Pemeliharaan, Biaya Pemeliharaan, dan Pajak Kendaraan Perorangan Dinas atau Kendaraan Dinas Jabatan
1.03.01.2.09.0002	Penyediaan Jasa Pemeliharaan, Biaya Pemeliharaan, Pajak dan Perizinan Kendaraan Dinas Operasional atau Lapangan
1.03.01.2.09.0010	Pemeliharaan/Rehabilitasi Sarana dan Prasarana Gedung Kantor atau Bangunan Lainnya
1.04.02.2.01.0002	Identifikasi Lahan-Lahan Potensial sebagai Lokasi Relokasi Perumahan
1.04.02.2.01.0003	Pengumpulan Data Rumah Korban Bencana Kejadian Sebelumnya yang Belum Tertangani
1.04.02.2.01.0009	Identifikasi Perumahan di Lokasi Rawan Bencana Kabupaten/Kota
1.04.02.2.02.0010	Sosialisasi tentang Mekanisme Penggantian Hak atas Tanah dan/atau Bangunan
1.04.02.2.03.0011	Pembangunan Rumah Khusus beserta PSU bagi Masyarakat yang Terkena Relokasi Program Kabupaten/Kota
1.04.03.2.01.0004	Koordinasi dan Sinkronisasi Penyelenggaraan Kawasan Permukiman
1.04.03.2.02.0008	Penyusunan/Review/Legalisasi Kebijakan Bidang PKP
1.04.03.2.03.0002	Perbaikan Rumah Tidak Layak Huni 
1.04.03.2.03.0004	Koordinasi dan Sinkronisasi Pengendalian Penyelenggaraan Pemugaran/Peremajaan Permukiman Kumuh
1.04.03.2.03.0007	Pendataan dan Verifikasi Penyelenggaraan Kawasan Permukiman Kumuh
1.04.03.2.03.0009	Pelaksanaan Peremajaan Kawasan Permukiman Kumuh
1.04.04.2.01.0001	Perbaikan Rumah Tidak Layak Huni untuk Pencegahan Terhadap Tumbuh dan Berkembangnya Permukiman Kumuh di Luar Kawasan Permukiman Kumuh dengan Luas di Bawah 10 (Sepuluh) Ha
1.04.05.2.01.0003	Koordinasi dan Sinkronisasi dalam rangka Penyediaan Prasarana, Sarana, dan Utilitas Umum Perumahan
1.04.05.2.01.0010	Verifikasi dan Penyerahan PSU Perumahan dari Pengembang
1.04.05.2.01.0012	Penyediaan Prasarana, Sarana, dan Utilitas Umum di Perumahan
1.04.06.2.01.0001	Koordinasi dan Sinkronisasi Penerbitan Sertifikasi dan Registrasi Pengembang Perumahan dengan Kualifikasi Kecil
1.04.01.2.01.0006	Koordinasi dan Penyusunan Laporan Capaian Kinerja dan Ikhtisar Realisasi Kinerja SKPD
1.04.01.2.01.0007	Evaluasi Kinerja Perangkat Daerah
1.04.01.2.02.0001	Penyediaan Gaji dan Tunjangan ASN
1.04.01.2.02.0003	"Pelaksanaan Penatausahaan dan

Pengujian/Verifikasi Keuangan SKPD"
1.04.01.2.06.0002	Penyediaan Peralatan dan Perlengkapan Kantor
1.04.01.2.06.0004	Penyediaan Bahan Logistik Kantor
1.04.01.2.07.0011	Pengadaan Sarana dan Prasarana Pendukung Gedung Kantor atau Bangunan Lainnya
1.04.01.2.08.0002	Penyediaan Jasa Komunikasi, Sumber Daya Air dan Listrik
1.04.01.2.08.0004	Penyediaan Jasa Pelayanan Umum Kantor
1.04.01.2.09.0002	Penyediaan Jasa Pemeliharaan, Biaya Pemeliharaan, Pajak dan Perizinan Kendaraan Dinas Operasional atau Lapangan
1.04.01.2.09.0010	Pemeliharaan/Rehabilitasi Sarana dan Prasarana Gedung Kantor atau Bangunan Lainnya
2.10.10.2.01.0001	Koordinasi dan Sinkronisasi Perencanaan Penggunaan Tanah
2.11.02.2.01.0002	Pengendalian Pelaksanaan RPPLH Kabupaten/Kota
2.11.02.2.01.0003	Penetapan RPPLH Kabupaten/Kota
2.11.02.2.01.0006	Penyusunan RPPLH Kabupaten/Kota
2.11.02.2.02.0002	Pembuatan dan Pelaksanaan KLHS RPJPD/RPJMD
2.11.03.2.01.0001	Koordinasi, Sinkronisasi, dan Pelaksanaan Pencegahan Pencemaran Lingkungan Hidup Dilaksanakan Terhadap Media Tanah, Air, Udara, dan Laut
2.11.03.2.01.0002	Koordinasi, Sinkronisasi dan Pelaksanaan Pengendalian Emisi Gas Rumah Kaca, Mitigasi dan Adaptasi Perubahan Iklim
2.11.04.2.01.0004	Pengelolaan Ruang Terbuka Hijau (RTH)
2.11.06.2.01.0001	Fasilitasi Pemenuhan Ketentuan dan Kewajiban Izin Lingkungan dan/atau Izin PPLH
2.11.06.2.01.0010	Pengawasan Perizinan Berusaha atau Persetujuan Pemerintah terkait Persetujuan Lingkungan yang diterbitkan oleh Pemerintah Daerah Kabupaten/Kota dan Peraturan Perundang-undangan di bidang Perlindungan dan Pengelolaan Lingkungan Hidup
2.11.08.2.01.0002	Pendampingan Gerakan Peduli Lingkungan Hidup 
2.11.08.2.01.0005	Peningkatan Kapasitas dan Kompetensi Sumber Daya Manusia Bidang lingkungan hidup untuk Lembaga pendidikan formal/lembaga masyarakat/komunitas/kelompok masyarakat
2.11.09.2.01.0001	Penilaian Kinerja Masyarakat/Lembaga Masyarakat/Dunia Usaha/Dunia Pendidikan/Filantropi dalam Perlindungan dan Pengelolaan Lingkungan Hidup
2.11.11.2.01.0004	Peningkatan Peran Serta Masyarakat dalam Pengelolaan Persampahan
2.11.11.2.01.0005	Koordinasi dan Sinkronisasi Penyediaan Prasarana dan Sarana Pengelolaan Persampahan
2.11.11.2.01.0018	Pengurangan sampah melalui  pembatasan timbulan sampah
2.11.11.2.01.0020	Penanganan sampah melalui pemrosesan  akhir sampah di TPA/TPST kabupaten/kota atau TPA/TPST Regional
1.05.02.2.01.0003	Koordinasi Penyelenggaraan Ketentraman dan Ketertiban Umum serta Perlindungan Masyarakat Tingkat Kabupaten/Kota
1.05.02.2.01.0004	Pemberdayaan Perlindungan Masyarakat dalam rangka Ketentraman dan Ketertiban Umum
1.05.02.2.01.0014	Peningkatan Kapasitas SDM Satuan Polisi Pamong Praja dan Satlinmas melalui Pelatihan Teknis Satpol PP dan Satlinmas
1.05.02.2.01.0015	Pencegahan Gangguan Ketenteraman dan Ketertiban Umum Melalui Deteksi Dini dan Cegah Dini, Pembinaan dan Penyuluhan, Pelaksanaan Patroli, Pengamanan, dan Pengawalan
1.05.02.2.01.0017	Penyediaan Layanan dasar dalam rangka Dampak Penegakan Peraturan Daerah dan Perturan kepala daerah
1.05.02.2.01.0018	Pengadaan dan Pemeliharaan Sarana dan Prasarana Ketentraman dan Ketertiban Umum
1.05.02.2.02.0010	Sosialisasi Penegakan Peraturan Daerah dan Peraturan Kepala Daerah
1.05.02.2.02.0011	Penanganan  Atas Pelanggaran Peraturan Daerah dan Peraturan  Kepala daerah
1.05.02.2.02.0012	Pengawasan Atas Kepatuhan Terhadap Pelaksanaan Peraturan Daerah dan Peraturan Kepala Daerah
1.05.02.2.03.0006	Pengembangan Kapasitas dan Karier PPNS
1.05.04.2.01.0001	Pencegahan Kebakaran dalam Daerah Kabupaten/Kota
1.05.04.2.01.0007	Pembinaan Aparatur Pemadam Kebakaran
1.05.04.2.01.0017	Pengadaan Sarana dan Prasarana Pencegahan, Penanggulangan Kebakaran dan Alat Pelindung Diri
1.05.04.2.01.0021	Penyelenggaraan Kerja Sama dan Koordinasi antar Daerah Berbatasan, antar Lembaga, dan Kemitraan dalam Pencegahan, Penanggulangan, Penyelamatan Kebakaran dan Penyelamatan Non Kebakaran
1.05.04.2.01.0026	Pemadaman dan Pengendalian Kebakaran dalam Daerah Kabupaten/Kota
1.05.04.2.02.0003	Pendataan Sarana Prasarana Proteksi Kebakaran
1.05.04.2.04.0001	Pemberdayaan Masyarakat dalam Pencegahan dan Penanggulangan Kebakaran Melalui Sosialisasi dan Edukasi Masyarakat
1.05.04.2.04.0007	Pembentukan dan Pembinaan Relawan Pemadam Kebakaran
1.05.04.2.05.0001	Penyelenggaraan Operasi Pencarian dan Pertolongan pada Peristiwa yang Menimpa, Membahayakan, dan/atau Mengancam Keselamatan Manusia
1.05.04.2.05.0006	Penyelamatan dan Evakuasi Korban Kebakaran dan Non Kebakaran
1.05.01.2.01.0001	Penyusunan Dokumen Perencanaan Perangkat Daerah
1.05.01.2.01.0006	Koordinasi dan Penyusunan Laporan Capaian Kinerja dan Ikhtisar Realisasi Kinerja SKPD
1.05.01.2.02.0001	Penyediaan Gaji dan Tunjangan ASN
1.05.01.2.02.0003	"Pelaksanaan Penatausahaan dan

Pengujian/Verifikasi Keuangan SKPD"
1.05.01.2.05.0002	Pengadaan Pakaian Dinas beserta Atribut Kelengkapannya
1.05.01.2.06.0004	Penyediaan Bahan Logistik Kantor
1.05.01.2.07.0009	Pengadaan Gedung Kantor atau Bangunan Lainnya
1.05.01.2.07.0010	Pengadaan Sarana dan Prasarana Gedung Kantor atau Bangunan Lainnya
1.05.01.2.08.0002	Penyediaan Jasa Komunikasi, Sumber Daya Air dan Listrik
1.05.01.2.08.0004	Penyediaan Jasa Pelayanan Umum Kantor
1.05.01.2.09.0002	Penyediaan Jasa Pemeliharaan, Biaya Pemeliharaan, Pajak dan Perizinan Kendaraan Dinas Operasional atau Lapangan
1.05.01.2.09.0010	Pemeliharaan/Rehabilitasi Sarana dan Prasarana Gedung Kantor atau Bangunan Lainnya
1.05.01.2.09.0011	Pemeliharaan/Rehabilitasi Sarana dan Prasarana Pendukung Gedung Kantor atau Bangunan Lainnya
1.05.03.2.01.0007	Sosialisasi, Komunikasi, Informasi dan Edukasi (KIE) Rawan Bencana Kabupaten/Kota (Per Jenis Ancaman Bencana)
1.05.03.2.02.0015	Penyediaan Peralatan Perlindungan dan Kesiapsiagaan Terhadap Bencana kabupaten/kota
1.05.03.2.02.0018	Gladi Kesiapsiagaan Terhadap Bencana kabupaten/kota
1.05.03.2.02.0020	Penguatan Kapasitas Kawasan untuk Pencegahan dan Kesiapsiagaan Bencana
1.05.03.2.02.0021	Pengembangan Kapasitas Tim Reaksi Cepat (TRC) Bencana Kabupaten/Kota
1.05.03.2.02.0022	Penyusunan Rencana Kontijensi Kabupaten/Kota
1.05.03.2.02.0026	Pengendalian Operasi dan Penyediaan Sarana Prasarana Kesiapsiagaan Terhadap Bencana Kabupaten/Kota
1.05.03.2.02.0028	Pelatihan Pencegahan dan Mitigasi Bencana Kabupaten/Kota
1.05.03.2.03.0002	Respon Cepat Darurat Bencana Kabupaten/Kota
1.05.03.2.03.0003	Pencarian, Pertolongan dan Evakuasi Korban Bencana Kabupaten/Kota
1.05.03.2.03.0009	Penyediaan Logistik Penyelamatan dan Evakuasi Korban Bencana Kabupaten/Kota
1.05.03.2.03.0010	Respon Cepat Bencana Non Alam Epidemi/Wabah Penyakit
1.05.03.2.03.0012	Aktivasi Sistem Komando Penanganan Darurat Bencana
1.05.03.2.04.0001	Penyusunan Regulasi Penanggulangan Bencana Kabupaten/Kota
1.05.03.2.04.0003	Kerja Sama antar Lembaga dan Kemitraan dalam Penanggulangan Bencana Kabupaten/Kota
1.05.03.2.04.0007	Peningkatan Kapasitas SDM Aparatur Penanggulangan Bencana Kabupaten/Kota
1.05.03.2.04.0010	Koordinasi penanganan Pascabencana Kabupaten/Kota
1.05.03.2.04.0011	Peningkatan partisipasi masyarakat dan dunia usaha  dalam penanganan Pascabencana Kabupaten/Kota
1.05.03.2.04.0015	Penyusunan Kajian Kebutuhan Pascabencana (JITUPASNA) dan Rencana Rehabilitasi dan Rekontruksi Pascabencana (R3P) Kab/Kota
1.05.01.2.02.0007	Koordinasi dan Penyusunan Laporan Keuangan Bulanan/ Triwulanan/ Semesteran SKPD
1.05.01.2.06.0002	Penyediaan Peralatan dan Perlengkapan Kantor
1.05.01.2.07.0006	Pengadaan Peralatan dan Mesin Lainnya
1.05.01.2.09.0001	Penyediaan Jasa Pemeliharaan, Biaya Pemeliharaan, dan Pajak Kendaraan Perorangan Dinas atau Kendaraan Dinas Jabatan
1.05.01.2.09.0006	Pemeliharaan Peralatan dan Mesin Lainnya
1.05.01.2.09.0009	Pemeliharaan/Rehabilitasi Gedung Kantor dan Bangunan Lainnya
1.06.02.2.02.0003	Koordinasi dan Sinkronisasi  Penyelenggaraan Undian Gratis Berhadiah dan Pengumpulan Uang atau Barang
1.06.02.2.03.0003	Peningkatan Kemampuan Potensi Sumber Kesejahteraan Sosial Keluarga Kewenangan Kabupaten/Kota
1.06.02.2.03.0004	Peningkatan Kemampuan Potensi Sumber Kesejahteraan Sosial Kelembagaan Masyarakat Kewenangan Kabupaten/Kota
1.06.02.2.03.0014	Peningkatan Kemampuan Potensi Sumber Kesejahteraan Sosial Perseorangan Kewenangan Kabupaten/Kota
1.06.02.2.03.0016	Pengelolaan Layanan Terpadu  Kesejahteraan Sosial
1.06.04.2.01.0001	Penyediaan Permakanan
1.06.04.2.01.0002	Penyediaan Sandang
1.06.04.2.01.0003	Penyediaan Alat Bantu
1.06.04.2.01.0004	Pemberian Pelayanan Reunifikasi Keluarga
1.06.04.2.01.0005	Pemberian Bimbingan Fisik, Mental, Spiritual, dan Sosial
1.06.04.2.01.0006	Pemberian Bimbingan Sosial kepada Keluarga Penyandang Disabilitas Terlantar, Anak Terlantar, Lanjut Usia Terlantar, serta Gelandangan Pengemis dan Masyarakat
1.06.04.2.01.0008	Pemberian Akses ke Layanan Pendidikan dan Kesehatan Dasar
1.06.04.2.01.0009	Pemberian Layanan Data dan Pengaduan
1.06.04.2.01.0010	Pemberian Layanan Kedaruratan
1.06.04.2.01.0011	Pemberian Pelayanan Penelusuran Keluarga
1.06.04.2.01.0012	Pemberian Layanan Rujukan
1.06.04.2.01.0014	Fasilitasi Pembuatan Dokumen Kependudukan bagi Penyandang Disabilitas Terlantar, Anak Terlantar, Lanjut Usia Terlantar, Gelandangan dan Pengemis Kewenangan Kabupaten/Kota
1.06.04.2.01.0015	Fasilitasi Pemberdayaan dan Pelatihan Vokasional bagi Kemandirian Ekonomi Penyandang Disabilitas Miskin dan Rentan, Gelandangan dan Pengemis
1.06.04.2.01.0017	Penyediaan Perbekalan Kesehatan
1.06.04.2.02.0002	Pemberian Layanan Kedaruratan
1.06.04.2.02.0003	Penyediaan Permakanan
1.06.04.2.02.0007	Pemberian Bimbingan Fisik, Mental, Spiritual, dan Sosial
1.06.04.2.02.0008	Pemberian Bimbingan Sosial kepada Keluarga Penyandang Masalah Kesejahteraan Sosial (PMKS) Lainnya Bukan Korban HIV/AIDS dan NAPZA
1.06.04.2.02.0011	Pemberian Pelayanan Penelusuran Keluarga
1.06.04.2.02.0012	Pemberian Pelayanan Reunifikasi Keluarga
1.06.04.2.02.0013	Pemberian Layanan Rujukan
1.06.04.2.02.0014	Kerja Sama antar Lembaga dan Kemitraan dalam Pelaksanaan Rehabilitasi Sosial Kabupaten/Kota
1.06.05.2.02.0001	Pendataan Fakir Miskin Cakupan Daerah Kabupaten/Kota
1.06.05.2.02.0004	Fasilitasi Bantuan Pengembangan Ekonomi Masyarakat
1.06.05.2.02.0006	Fasilitasi Bantuan Sosial Kesejahteraan Keluarga
1.06.05.2.02.0008	Pengelolaan Data Fakir Miskin Cakupan Daerah Kabupaten/Kota
1.06.06.2.01.0001	Penyediaan Makanan
1.06.06.2.01.0002	Penyediaan Sandang
1.06.06.2.01.0004	Penanganan Khusus bagi Kelompok Rentan
1.06.06.2.01.0005	Pelayanan Dukungan Psikososial
1.06.06.2.01.0007	Penyediaan Tempat Penampungan Pengungsi
1.06.06.2.02.0001	Koordinasi, Sosialisasi dan Pelaksanaan Kampung Siaga Bencana
1.06.06.2.02.0002	Koordinasi, Sosialisasi dan Pelaksanaan Taruna Siaga Bencana
1.06.07.2.01.0002	Pemeliharaan Taman Makam Pahlawan Nasional Kabupaten/Kota
1.06.07.2.01.0005	Pemberian Pelayanan Ziarah dan Studi di Taman Makam Pahlawan Nasional Kabupaten/Kota
2.08.02.2.01.0001	Koordinasi dan Sinkronisasi Perumusan Kebijakan Pelaksanaan PUG
2.08.02.2.01.0007	Koordinasi dan Sinkronisasi Pelaksanaan PUG Kewenangan Kabupaten/Kota
2.08.02.2.02.0008	Sosialisasi Peningkatan Partisipasi Perempuan di Bidang Politik, Hukum, Sosial dan Ekonomi Kewenangan Kabupaten/Kota
2.08.03.2.02.0008	Layanan  Pengaduan atau Penjangkauan bagi Perempuan Korban Kekerasan Tingkat Kabupaten/Kota
2.08.04.2.02.0006	penguatan kerjasama antar Lembaga Penyedia Layanan Peningkatan Kualitas Keluarga Kewenangan Kabupaten/Kota
2.08.04.2.02.0008	Advokasi dan Sosialisasi Pengembangan Lembaga Penyedia Layanan Peningkatan Kualitas Keluarga Kewenangan Kabupaten/Kota
2.08.05.2.01.0003	Penyediaan, Penyajian, dan Pemanfaatan Data Gender dan Anak Kabupaten/Kota
2.08.06.2.01.0004	Bimbingan Teknis Pelaksanaan Kebijakan Pemenuhan Hak Anak pada Lembaga Pemerintah, Non Pemerintah, Media dan Dunia Usaha Kewenangan Kabupaten/Kota
2.08.06.2.02.0006	penguatan kerjasama antar lembaga penyedia layanan Peningkatan Kualitas Hidup Anak Kewenangan Kabupaten/Kota
2.08.06.2.02.0009	pendampingan penguatan dan pengembangan lembaga penyedia layanan Peningkatan Kualitas Hidup Anak Kewenangan Kabupaten/Kota
2.08.07.2.01.0006	koordinasi dan sinkronisasi pencegahan kekerasan terhadap anak kewenangan kabupaten/kota
2.08.07.2.02.0008	Layanan  Pengaduan atau Penjangkauan bagi Anak  Korban Kekerasan Tingkat  Kabupaten/Kota
2.08.01.2.01.0001	Penyusunan Dokumen Perencanaan Perangkat Daerah
2.08.01.2.01.0006	Koordinasi dan Penyusunan Laporan Capaian Kinerja dan Ikhtisar Realisasi Kinerja SKPD
2.08.01.2.02.0001	Penyediaan Gaji dan Tunjangan ASN
2.08.01.2.02.0003	"Pelaksanaan Penatausahaan dan

Pengujian/Verifikasi Keuangan SKPD"
2.08.01.2.06.0002	Penyediaan Peralatan dan Perlengkapan Kantor
2.08.01.2.06.0004	Penyediaan Bahan Logistik Kantor
2.08.01.2.07.0009	Pengadaan Gedung Kantor atau Bangunan Lainnya
2.08.01.2.07.0010	Pengadaan Sarana dan Prasarana Gedung Kantor atau Bangunan Lainnya
2.08.01.2.08.0002	Penyediaan Jasa Komunikasi, Sumber Daya Air dan Listrik
2.08.01.2.08.0004	Penyediaan Jasa Pelayanan Umum Kantor
2.08.01.2.09.0002	Penyediaan Jasa Pemeliharaan, Biaya Pemeliharaan, Pajak dan Perizinan Kendaraan Dinas Operasional atau Lapangan
2.08.01.2.09.0010	Pemeliharaan/Rehabilitasi Sarana dan Prasarana Gedung Kantor atau Bangunan Lainnya
2.07.02.2.01.0001	Penyusunan Rencana Tenaga Kerja Makro
2.07.03.2.01.0001	Proses Pelaksanaan Pendidikan dan Pelatihan Keterampilan bagi Pencari Kerja berdasarkan Klaster Kompetensi
2.07.03.2.01.0003	Pengadaan Sarana Pelatihan Kerja Kabupaten/Kota
2.07.03.2.02.0001	Pembinaan Lembaga Pelatihan Kerja Swasta
2.07.03.2.04.0001	Pelaksanaan Konsultasi Produktivitas kepada Perusahaan Kecil
2.07.04.2.03.0003	Job Fair/Bursa Kerja
2.07.05.2.01.0001	Pengesahan Peraturan Perusahaan bagi Perusahaan
2.07.05.2.01.0002	Pendaftaran Perjanjian Kerja Sama bagi Perusahaan
2.07.05.2.01.0003	Penyelenggaraan Pendataan dan Informasi Sarana Hubungan Industrial dan Jaminan Sosial Tenaga Kerja serta Pengupahan
2.07.05.2.02.0001	Pencegahan Perselisihan Hubungan Industrial, Mogok Kerja, dan Penutupan Perusahaan yang Berakibat/Berdampak pada Kepentingan di 1 (Satu) Daerah Kabupaten/Kota
2.07.05.2.02.0002	Penyelesaian Perselisihan Hubungan Industrial, Mogok Kerja, dan Penutupan Perusahaan yang Berakibat/Berdampak pada Kepentingan di 1 (satu) Daerah Kabupaten/Kota
2.07.05.2.02.0003	Penyelenggaraan Verifikasi dan Rekapitulasi Keanggotaan pada Organisasi Pengusaha, Federasi dan Konfederasi Serikat Pekerja/Serikat Buruh serta Non Afiliasi
2.07.05.2.02.0004	Pelaksanaan Operasional Lembaga Kerja Sama Tripartit Daerah Kabupaten/Kota
2.07.05.2.02.0005	Pengembangan Pelaksanaan Jaminan Sosial Tenaga Kerja dan Fasilitas Kesejahteraan Pekerja
2.07.01.2.01.0001	Penyusunan Dokumen Perencanaan Perangkat Daerah
2.07.01.2.02.0001	Penyediaan Gaji dan Tunjangan ASN
2.07.01.2.02.0003	"Pelaksanaan Penatausahaan dan

Pengujian/Verifikasi Keuangan SKPD"
2.07.01.2.06.0002	Penyediaan Peralatan dan Perlengkapan Kantor
2.07.01.2.06.0004	Penyediaan Bahan Logistik Kantor
2.07.01.2.07.0010	Pengadaan Sarana dan Prasarana Gedung Kantor atau Bangunan Lainnya
2.07.01.2.08.0002	Penyediaan Jasa Komunikasi, Sumber Daya Air dan Listrik
2.07.01.2.08.0004	Penyediaan Jasa Pelayanan Umum Kantor
2.07.01.2.09.0002	Penyediaan Jasa Pemeliharaan, Biaya Pemeliharaan, Pajak dan Perizinan Kendaraan Dinas Operasional atau Lapangan
2.07.01.2.09.0009	Pemeliharaan/Rehabilitasi Gedung Kantor dan Bangunan Lainnya
2.07.01.2.09.0010	Pemeliharaan/Rehabilitasi Sarana dan Prasarana Gedung Kantor atau Bangunan Lainnya
3.32.03.2.01.0001	Koordinasi dan Sinkronisasi Kerja Sama Pembangunan Transmigrasi yang Berasal dari 1 (Satu) Daerah Kabupaten/Kota
2.12.02.2.01.0001	Pendataan Penduduk Non Permanen dan Rentan Administrasi Kependudukan
2.12.02.2.01.0003	Penyelesaian Masalah Pendaftaran Penduduk
2.12.02.2.01.0004	Peningkatan Pelayanan Pendaftaran Penduduk
2.12.02.2.02.0002	Pengadaan Dokumen Kependudukan selain Blangko KTP-El, Formulir, dan Buku Terkait Pendaftaran Penduduk Sesuai dengan Kebutuhan
2.12.02.2.04.0003	Bimbingan Teknis Terkait Pendaftaran Penduduk
2.12.03.2.01.0002	Peningkatan dalam Pelayanan Pencatatan Sipil
2.12.03.2.02.0001	Koordinasi dengan Kantor Kementerian yang Menyelenggarakan Urusan Pemerintahan di Bidang Agama Kabupaten/Kota dan Pengadilan Agama yang Berkaitan dengan Pencatatan Nikah, Talak, Cerai, dan Rujuk bagi Penduduk yang Beragama Islam
2.12.04.2.01.0001	Pengolahan dan Penyajian Data Kependudukan
2.12.04.2.01.0002	Kerja Sama Pemanfaatan Data Kependudukan
2.12.04.2.03.0003	Fasilitasi Terkait Pengelolaan Informasi Administrasi Kependudukan
2.12.04.2.03.0007	Komunikasi, Informasi, dan Edukasi kepada Pemangku Kepentingan dan Masyarakat
2.12.01.2.01.0001	Penyusunan Dokumen Perencanaan Perangkat Daerah
2.12.01.2.01.0006	Koordinasi dan Penyusunan Laporan Capaian Kinerja dan Ikhtisar Realisasi Kinerja SKPD
2.12.01.2.02.0001	Penyediaan Gaji dan Tunjangan ASN
2.12.01.2.02.0003	"Pelaksanaan Penatausahaan dan

Pengujian/Verifikasi Keuangan SKPD"
2.12.01.2.06.0002	Penyediaan Peralatan dan Perlengkapan Kantor
2.12.01.2.06.0004	Penyediaan Bahan Logistik Kantor
2.12.01.2.06.0009	Penyelenggaraan Rapat Koordinasi dan Konsultasi SKPD
2.12.01.2.07.0010	Pengadaan Sarana dan Prasarana Gedung Kantor atau Bangunan Lainnya
2.12.01.2.08.0002	Penyediaan Jasa Komunikasi, Sumber Daya Air dan Listrik
2.12.01.2.08.0004	Penyediaan Jasa Pelayanan Umum Kantor
2.12.01.2.09.0001	Penyediaan Jasa Pemeliharaan, Biaya Pemeliharaan, dan Pajak Kendaraan Perorangan Dinas atau Kendaraan Dinas Jabatan
2.12.01.2.09.0009	Pemeliharaan/Rehabilitasi Gedung Kantor dan Bangunan Lainnya
2.12.01.2.09.0010	Pemeliharaan/Rehabilitasi Sarana dan Prasarana Gedung Kantor atau Bangunan Lainnya
2.13.02.2.01.0006	Fasilitasi Sarana dan Prasarana Desa
2.13.03.2.01.0003	Fasilitasi Pembangunan Kawasan Perdesaan
2.13.04.2.01.0004	Fasilitasi Pengelolaan Keuangan Desa
2.13.04.2.01.0008	Pembinaan dan Pemberdayaan BUM Desa dan Lembaga Kerja Sama antar Desa
2.13.04.2.01.0011	Fasilitasi Penyusunan Profil Desa 
2.13.04.2.01.0013	Fasilitasi Pengelolaan Aset Desa
2.13.04.2.01.0014	Pembinaan Peningkatan Kapasitas Anggota BPD
2.13.04.2.01.0015	Fasilitasi Penetapan dan Penegasan Batas Desa
2.13.05.2.01.0002	Fasilitasi Penataan, Pemberdayaan dan Pendayagunaan Kelembagaan Lembaga Kemasyarakatan Desa/Kelurahan (RT, RW, PKK, Posyandu, LPM, dan Karang Taruna), Lembaga Adat Desa/Kelurahan dan Masyarakat Hukum Adat
2.13.05.2.01.0003	Peningkatan Kapasitas Kelembagaan Lembaga Kemasyarakatan Desa/Kelurahan (RT, RW, PKK, Posyandu, LPM, dan Karang Taruna), Lembaga Adat Desa/Kelurahan dan Masyarakat Hukum Adat
2.13.05.2.01.0006	Fasilitasi Pemerintah Desa dalam Pemanfaatan Teknologi Tepat Guna
2.13.05.2.01.0009	Fasilitasi Tim Penggerak PKK dalam Penyelenggaraan Gerakan Pemberdayaan Masyarakat dan Kesejahteraan Keluarga
2.13.01.2.01.0006	Koordinasi dan Penyusunan Laporan Capaian Kinerja dan Ikhtisar Realisasi Kinerja SKPD
2.13.01.2.02.0001	Penyediaan Gaji dan Tunjangan ASN
2.13.01.2.02.0003	"Pelaksanaan Penatausahaan dan

Pengujian/Verifikasi Keuangan SKPD"
2.13.01.2.06.0002	Penyediaan Peralatan dan Perlengkapan Kantor
2.13.01.2.06.0004	Penyediaan Bahan Logistik Kantor
2.13.01.2.07.0011	Pengadaan Sarana dan Prasarana Pendukung Gedung Kantor atau Bangunan Lainnya
2.13.01.2.08.0002	Penyediaan Jasa Komunikasi, Sumber Daya Air dan Listrik
2.13.01.2.08.0004	Penyediaan Jasa Pelayanan Umum Kantor
2.13.01.2.09.0002	Penyediaan Jasa Pemeliharaan, Biaya Pemeliharaan, Pajak dan Perizinan Kendaraan Dinas Operasional atau Lapangan
2.13.01.2.09.0009	Pemeliharaan/Rehabilitasi Gedung Kantor dan Bangunan Lainnya
2.13.01.2.09.0011	Pemeliharaan/Rehabilitasi Sarana dan Prasarana Pendukung Gedung Kantor atau Bangunan Lainnya
2.14.02.2.01.0027	Advokasi, Sosialisasi dan Fasilitasi Pelaksanaan Pendidikan Kependudukan Jalur Formal di Satuan Pendidikan Jenjang SD/MI dan SLTP/MTS, serta Jalur Nonformal dan Informal
2.14.02.2.02.0012	Pencatatan dan Pengumpulan Data Keluarga
2.14.02.2.02.0013	Pengolahan dan Pelaporan Data Pengendalian Lapangan dan Pelayanan KB
2.14.03.2.01.0010	Pengelolaan Operasional dan Sarana di Balai Penyuluhan Bangga Kencana
2.14.03.2.01.0012	Promosi dan KIE Program Bangga Kencana Melalui Media Massa Cetak dan Elektronik serta Media Luar Ruang
2.14.03.2.01.0014	Advokasi Program Bangga kencana oleh pokja advokasi kepada Stakeholders dan Mitra Kerja
2.14.03.2.02.0004	Penggerakan Kader Institusi Masyarakat Pedesaan (IMP)
2.14.03.2.03.0001	Pengendalian Pendistribusian Alat dan Obat Kontrasepsi dan Sarana Penunjang Pelayanan KB ke Fasilitas Kesehatan Termasuk Jaringan dan Jejaringnya
2.14.03.2.03.0003	Peningkatan Kesertaan Penggunaan Metode Kontrasepsi Jangka Panjang (MKJP)
2.14.03.2.03.0004	Penyediaan Dukungan Ayoman Komplikasi Berat dan Kegagalan Penggunaan MKJP
2.14.03.2.03.0008	Pembinaan Pelayanan Keluarga Berencana dan Kesehatan Reproduksi di Fasilitas Kesehatan Termasuk Jaringan dan Jejaringnya
2.14.03.2.03.0016	Promosi dan Konseling KB Pasca Persalinan
2.14.03.2.04.0005	Fasilitasi Pengelolaan Dapur Sehat Atasi Stunting (DASHAT) di Kampung Keluarga Berkualitas
2.14.04.2.01.0017	Promosi dan Sosialisasi Kelompok Kegiatan Ketahanan dan Kesejahteraan Keluarga (BKB, BKR, BKL, PPKS, PIK-R dan Usaha Peningkatan Pendapatan Keluarga Akseptor (UPPKA))
2.14.04.2.01.0021	Orientasi dan Pelatihan Teknis Pengelola Ketahanan dan Kesejahteraan Keluarga (BKB, BKR, BKL, PPKS, PIK-R dan Usaha Peningkatan Pendapatan Keluarga Akseptor (UPPKA)
2.14.04.2.01.0026	Penyediaan Biaya Operasional bagi Kelompok Kegiatan Ketahanan dan Kesejahteraan Keluarga (BKB, BKR, BKL, PPKS, PIK-R dan Usaha Peningkatan Pendapatan Keluarga Akseptor (UPPKA)
2.14.04.2.02.0005	Pemantauan  Data dan Informasi Keluarga Berisiko Stunting (Termasuk remaja Calon Pengantin/Calon PUS, Ibu Hamil, Pasca salin/kelahiran, Baduta/Balita)
2.14.04.2.02.0006	Pendampingan Keluarga Berisiko Stunting (Termasuk remaja Calon Pengantin/Calon PUS, Ibu Hamil, Pasca salin/kelahiran, Baduta/Balita)
2.15.02.2.01.0007	Pelaksanaan Evaluasi (Reviu) Rencana Induk Jaringan LLAJ Kabupaten/Kota
2.15.02.2.02.0002	Penyediaan Perlengkapan Jalan di Jalan Kabupaten/Kota
2.15.02.2.02.0003	Rehabilitasi dan Pemeliharaan Prasarana Jalan
2.15.02.2.02.0004	Rehabilitasi dan Pemeliharaan Perlengkapan Jalan
2.15.02.2.03.0011	Rehabilitasi dan Pemeliharaan Terminal Tipe C (Fasilitas Utama dan Penunjang)
2.15.02.2.04.0001	Fasilitasi Pemenuhan Persyaratan Perolehan Izin Penyelenggaraan dan Pembangunan Fasilitas Parkir Kewenangan Kabupaten/Kota dalam Sistem Pelayanan Perizinan Berusaha Terintegrasi Secara Elektronik
2.15.02.2.04.0002	Koordinasi dan Sinkronisasi Pengawasan Pelaksanaan Izin Penyelenggaraan dan Pembangunan Fasilitas Parkir Kewenangan Kabupaten/Kota 
2.15.02.2.05.0001	Penyediaan Sarana dan Prasarana Pengujian Berkala Kendaraan Bermotor
2.15.02.2.05.0004	Penyediaan Bukti Lulus Uji Pengujian Berkala Kendaraan Bermotor
2.15.02.2.05.0005	Sosialisasi Standar Operasional Prosedur Pengujian Berkala Kendaraan Bermotor
2.15.02.2.05.0007	Pemeliharaan Sarana dan Prasarana Pengujian Berkala Kendaraan Bermotor
2.15.02.2.06.0014	Sosialisasi Pelaksanaan Manajemen dan Rekayasa Lalu Lintas untuk Jaringan Jalan Kabupaten/Kota
2.15.02.2.06.0015	Forum Lalu Lintas dan Angkutan Jalan untuk Jaringan Jalan Kabupaten/Kota
2.15.02.2.06.0016	Pengadaan dan Pemasangan Perlengkapan Jalan dalam rangka Manajemen dan Rekayasa Lalu Lintas
2.15.02.2.06.0017	Penataan Manajemen dan Rekayasa Lalu Lintas untuk Jaringan Jalan Kabupaten/Kota
2.15.02.2.07.0003	Koordinasi dan Sinkronisasi Penilaian Hasil Andalalin
2.15.02.2.07.0006	Pengawasan Pelaksanaan Rekomendasi Persetujuan Teknis Andalalin
2.15.02.2.09.0002	Pengendalian dan Pengawasan Ketersediaan Angkutan Umum untuk Jasa Angkutan Orang dan/atau Barang Antar Kota dalam 1 (Satu) Kabupaten/Kota
2.15.02.2.09.0003	Penyediaan Angkutan Umum untuk Jasa Angkutan Orang dan/atau Barang Antar Kota dalam 1 (Satu) Daerah Kabupaten/Kota
2.15.02.2.12.0002	Sosialisasi dan Uji Coba Pelaksanaan Kebijakan Rencana Umum Jaringan Trayek Pedesaan Kewenangan Kabupaten/Kota
2.15.01.2.01.0001	Penyusunan Dokumen Perencanaan Perangkat Daerah
2.15.01.2.01.0006	Koordinasi dan Penyusunan Laporan Capaian Kinerja dan Ikhtisar Realisasi Kinerja SKPD
2.15.01.2.02.0001	Penyediaan Gaji dan Tunjangan ASN
2.15.01.2.02.0003	"Pelaksanaan Penatausahaan dan

Pengujian/Verifikasi Keuangan SKPD"
2.15.01.2.02.0007	Koordinasi dan Penyusunan Laporan Keuangan Bulanan/ Triwulanan/ Semesteran SKPD
2.15.01.2.06.0002	Penyediaan Peralatan dan Perlengkapan Kantor
2.15.01.2.06.0004	Penyediaan Bahan Logistik Kantor
2.15.01.2.07.0006	Pengadaan Peralatan dan Mesin Lainnya
2.15.01.2.08.0002	Penyediaan Jasa Komunikasi, Sumber Daya Air dan Listrik
2.15.01.2.08.0004	Penyediaan Jasa Pelayanan Umum Kantor
2.15.01.2.09.0002	Penyediaan Jasa Pemeliharaan, Biaya Pemeliharaan, Pajak dan Perizinan Kendaraan Dinas Operasional atau Lapangan
2.15.01.2.09.0009	Pemeliharaan/Rehabilitasi Gedung Kantor dan Bangunan Lainnya
2.15.01.2.09.0010	Pemeliharaan/Rehabilitasi Sarana dan Prasarana Gedung Kantor atau Bangunan Lainnya
2.16.02.2.01.0014	Relasi Media
2.16.02.2.01.0015	Kemitraan Komunikasi dengan Komunitas Informasi Masyarakat
2.16.02.2.01.0017	Pelayanan Informasi Publik
2.16.02.2.01.0019	Monitoring Informasi Kebijakan, Opini, dan Aspirasi Publik
2.16.02.2.01.0021	Pengelolaan Media Komunikasi Publik
2.16.02.2.01.0023	Penyusunan Konten
2.16.03.2.01.0004	Pengelolaan Nama Domain dan Sub Domain Penyelenggaraan Pemerintah Daerah dan Pengelolaan Nama Domain Pemerintah Desa
2.16.03.2.02.0024	Penyelenggaraan Jaringan Intra Pemerintah Daerah Kab/Kota
2.16.03.2.02.0036	Penyediaan Akses Internet
2.16.03.2.02.0037	Koordinasi penyusunan kebijakan tata kelola SPBE meliputi arsitektur, peta rencana, proses bisnis, serta penyusunan rencana dan anggaran SPBE Pemerintah Daerah
2.16.01.2.01.0001	Penyusunan Dokumen Perencanaan Perangkat Daerah
2.16.01.2.01.0006	Koordinasi dan Penyusunan Laporan Capaian Kinerja dan Ikhtisar Realisasi Kinerja SKPD
2.16.01.2.02.0001	Penyediaan Gaji dan Tunjangan ASN
2.16.01.2.02.0003	"Pelaksanaan Penatausahaan dan

Pengujian/Verifikasi Keuangan SKPD"
2.16.01.2.06.0002	Penyediaan Peralatan dan Perlengkapan Kantor
2.16.01.2.06.0004	Penyediaan Bahan Logistik Kantor
2.16.01.2.06.0006	Penyediaan Bahan Bacaan dan Peraturan Perundang-undangan
2.16.01.2.07.0005	Pengadaan Mebel
2.16.01.2.07.0010	Pengadaan Sarana dan Prasarana Gedung Kantor atau Bangunan Lainnya
2.16.01.2.08.0002	Penyediaan Jasa Komunikasi, Sumber Daya Air dan Listrik
2.16.01.2.08.0004	Penyediaan Jasa Pelayanan Umum Kantor
2.16.01.2.09.0002	Penyediaan Jasa Pemeliharaan, Biaya Pemeliharaan, Pajak dan Perizinan Kendaraan Dinas Operasional atau Lapangan
2.16.01.2.09.0009	Pemeliharaan/Rehabilitasi Gedung Kantor dan Bangunan Lainnya
2.16.01.2.09.0011	Pemeliharaan/Rehabilitasi Sarana dan Prasarana Pendukung Gedung Kantor atau Bangunan Lainnya
2.20.02.2.01.0017	Pengelolaan Kegiatan Statistik Sektoral Dalam Sistem Statistik Nasional
2.21.02.2.01.0005	Pelaksanaan Keamanan Informasi Pemerintahan Daerah Berbasis Elektronik dan Non Elektronik
2.18.02.2.02.0004	Penyusunan Peta Potensi Investasi Kabupaten/Kota
2.18.03.2.01.0002	Pelaksanaan Kegiatan Promosi Penanaman Modal Daerah Kabupaten/Kota
2.18.04.2.01.0006	Penyediaan Pelayanan Perizinan Berusaha melalui Sistem Perizinan Berusaha Berbasis Risiko Terintegrasi secara Elektronik
2.18.04.2.01.0007	Penyediaan dan pengelolaan Layanan konsultasi perizinan berusaha berbasis risiko
2.18.05.2.01.0004	Penyelesaian Permasalahan dan Hambatan yang dihadapi Pelaku Usaha dalam merealisasikan Kegiatan Usahanya
2.18.05.2.01.0005	Bimbingan Teknis kepada Pelaku Usaha
2.18.05.2.01.0006	Pengawasan Penanaman Modal
2.18.01.2.01.0001	Penyusunan Dokumen Perencanaan Perangkat Daerah
2.18.01.2.02.0001	Penyediaan Gaji dan Tunjangan ASN
2.18.01.2.02.0003	"Pelaksanaan Penatausahaan dan

Pengujian/Verifikasi Keuangan SKPD"
2.18.01.2.06.0002	Penyediaan Peralatan dan Perlengkapan Kantor
2.18.01.2.06.0004	Penyediaan Bahan Logistik Kantor
2.18.01.2.07.0010	Pengadaan Sarana dan Prasarana Gedung Kantor atau Bangunan Lainnya
2.18.01.2.08.0002	Penyediaan Jasa Komunikasi, Sumber Daya Air dan Listrik
2.18.01.2.08.0004	Penyediaan Jasa Pelayanan Umum Kantor
2.18.01.2.09.0002	Penyediaan Jasa Pemeliharaan, Biaya Pemeliharaan, Pajak dan Perizinan Kendaraan Dinas Operasional atau Lapangan
2.18.01.2.09.0009	Pemeliharaan/Rehabilitasi Gedung Kantor dan Bangunan Lainnya
2.18.01.2.09.0010	Pemeliharaan/Rehabilitasi Sarana dan Prasarana Gedung Kantor atau Bangunan Lainnya
2.23.02.2.01.0004	Pembinaan Perpustakaan pada Satuan Pendidikan Dasar di Seluruh Wilayah Kabupaten/Kota Sesuai dengan Standar Nasional Perpustakaan
2.23.02.2.01.0011	Pengembangan Perpustakaan di Tingkat Daerah Kabupaten/Kota
2.23.02.2.01.0017	Penyusunan Data dan Informasi Perpustakaan
2.23.02.2.01.0019	Pengembangan Kekhasan Koleksi Perpustakaan Daerah Tingkat Kabupaten/Kota
2.23.02.2.02.0009	Pemberian Penghargaan Gerakan Budaya Gemar Membaca
2.23.02.2.02.0010	Sosialisasi Budaya Baca dan Literasi pada Satuan Pendidikan Dasar dan Masyarakat
2.23.03.2.01.0003	Peningkatan Peran Serta Masyarakat dalam Penyimpanan, Perawatan, Pelestarian, dan Pendaftaran Naskah Kuno
2.24.02.2.01.0001	Penciptaan dan Penggunaan Arsip Dinamis
2.24.03.2.04.0002	Penilaian dan Penetapan Hasil Alih Media Sesuai Persyaratan Penjaminan Keabsahan Arsip
2.24.01.2.01.0006	Koordinasi dan Penyusunan Laporan Capaian Kinerja dan Ikhtisar Realisasi Kinerja SKPD
2.24.01.2.02.0001	Penyediaan Gaji dan Tunjangan ASN
2.24.01.2.02.0003	"Pelaksanaan Penatausahaan dan

Pengujian/Verifikasi Keuangan SKPD"
2.24.01.2.06.0002	Penyediaan Peralatan dan Perlengkapan Kantor
2.24.01.2.06.0004	Penyediaan Bahan Logistik Kantor
2.24.01.2.08.0002	Penyediaan Jasa Komunikasi, Sumber Daya Air dan Listrik
2.24.01.2.08.0004	Penyediaan Jasa Pelayanan Umum Kantor
2.24.01.2.09.0001	Penyediaan Jasa Pemeliharaan, Biaya Pemeliharaan, dan Pajak Kendaraan Perorangan Dinas atau Kendaraan Dinas Jabatan
2.24.01.2.09.0009	Pemeliharaan/Rehabilitasi Gedung Kantor dan Bangunan Lainnya
2.24.01.2.09.0010	Pemeliharaan/Rehabilitasi Sarana dan Prasarana Gedung Kantor atau Bangunan Lainnya
2.22.02.2.01.0002	Pembinaan Sumber Daya Manusia, Lembaga, dan Pranata Kebudayaan
2.22.02.2.02.0002	Pembinaan Sumber Daya Manusia, Lembaga, dan Pranata Tradisional
2.22.02.2.03.0001	Pelindungan, Pengembangan, Pemanfaatan Objek Pemajuan Lembaga Adat
2.22.05.2.01.0002	Penetapan Cagar Budaya
3.26.02.2.01.0007	Monitoring dan Evaluasi Pengelolaan Daya Tarik Wisata Kabupaten/Kota
3.26.02.2.01.0008	Peningkatan Kapasitas SDM Pengelola Daya Tarik Wisata Unggulan Kabupaten/Kota
3.26.02.2.03.0003	Pengembangan Destinasi Pariwisata Kabupaten/Kota
3.26.02.2.03.0004	Pengadaan/Pemeliharaan/Rehabilitasi Sarana dan Prasarana dalam Pengelolaan Destinasi Pariwisata Kabupaten/Kota
3.26.02.2.03.0006	Pemberdayaan Masyarakat dalam Pengelolaan Destinasi Pariwisata Kabupaten/Kota
3.26.03.2.01.0003	Penyediaan Data dan Penyebaran Informasi Pariwisata Kabupaten/Kota, Baik Dalam dan Luar Negeri
3.26.03.2.01.0004	Peningkatan Kerja Sama dan Kemitraan Pariwisata Dalam dan Luar Negeri
3.26.03.2.01.0006	Fasilitasi Kegiatan Pemasaran Pariwisata Baik Dalam dan Luar Negeri Pariwisata Kabupaten/Kota
3.26.03.2.01.0007	Penguatan Promosi Melalui Media Cetak, Elektronik, dan Media Lainnya Baik Dalam dan Luar Negeri
3.26.05.2.01.0009	Pemberdayaan dan Pembinaan Masyarakat untuk Pengembangan Pariwisata
3.26.05.2.02.0001	Pelatihan, Bimbingan Teknis, dan Pendampingan Ekonomi Kreatif
3.26.01.2.01.0006	Koordinasi dan Penyusunan Laporan Capaian Kinerja dan Ikhtisar Realisasi Kinerja SKPD
3.26.01.2.02.0001	Penyediaan Gaji dan Tunjangan ASN
3.26.01.2.02.0003	"Pelaksanaan Penatausahaan dan

Pengujian/Verifikasi Keuangan SKPD"
3.26.01.2.06.0004	Penyediaan Bahan Logistik Kantor
3.26.01.2.07.0006	Pengadaan Peralatan dan Mesin Lainnya
3.26.01.2.08.0002	Penyediaan Jasa Komunikasi, Sumber Daya Air dan Listrik
3.26.01.2.08.0004	Penyediaan Jasa Pelayanan Umum Kantor
3.26.01.2.09.0001	Penyediaan Jasa Pemeliharaan, Biaya Pemeliharaan, dan Pajak Kendaraan Perorangan Dinas atau Kendaraan Dinas Jabatan
3.26.01.2.09.0009	Pemeliharaan/Rehabilitasi Gedung Kantor dan Bangunan Lainnya
3.26.01.2.09.0010	Pemeliharaan/Rehabilitasi Sarana dan Prasarana Gedung Kantor atau Bangunan Lainnya
2.09.02.2.01.0003	Penyediaan Infrastruktur Pendukung Kemandirian Pangan Lainnya
2.09.03.2.01.0008	Stabilisasi Pasokan dan Harga Pangan Tingkat Produsen dan Konsumen di Kabupaten/Kota
2.09.03.2.01.0010	Pengembangan Kelembagaan Distribusi Pangan Kabupaten/kota
2.09.03.2.02.0006	Pengelolaan Cadangan Pangan Pemerintah Kab/Kota
2.09.03.2.04.0002	Pemberdayaan Masyarakat dalam Penganekaragaman Konsumsi Pangan Berbasis Sumber Daya Lokal
2.09.04.2.02.0004	Pelaksanaan Intervensi Kewaspadaan Pangan dan Gizi
2.09.05.2.01.0007	Penyediaan Sarana Pengujian keamanan dan mutu pangan segar asal tumbuhan Daerah Kabupaten/Kota
2.09.05.2.01.0008	Koordinasi dan sinkronisasi keamanan dan mutu pangan segar asal tumbuhan
3.25.03.2.02.0004	Penyediaan Sarana dan Prasarana Pemberdayaan Usaha Nelayan Skala Kecil
3.25.04.2.02.0001	Pengembangan Kapasitas Pembudi Daya Ikan Kecil
3.25.04.2.04.0001	Penyediaan Data dan Informasi Pembudidayaan Ikan dalam 1 (Satu) Daerah Kabupaten/Kota
3.25.04.2.04.0002	Penyediaan Prasarana Pembudidayaan Ikan dalam 1 (Satu) Daerah Kabupaten/Kota
3.25.04.2.04.0004	Pengelolaan Kesehatan Ikan dan Lingkungan Budidaya dalam 1 (Satu) Daerah Kabupaten/Kota
3.25.04.2.04.0009	Penjaminan Ketersediaan Sarana Pembudidayaan Ikan dalam 1 (Satu) Daerah Kabupaten/Kota
3.25.05.2.01.0007	Pengawasan usaha penangkapan ikan dan/atau usaha pengangkutan ikan sesuai kewenangan kabupaten/kota
3.25.06.2.03.0001	Peningkatan Ketersediaan Ikan untuk Konsumsi dan Usaha Pengolahan dalam 1 (Satu) Daerah Kabupaten/Kota
3.25.06.2.03.0002	Pemberian Fasilitas bagi Pelaku Usaha Perikanan Skala Mikro dan Kecil dalam 1 (Satu) Daerah Kabupaten/Kota
3.27.02.2.01.0001	Pengawasan Penggunaan Sarana Pendukung Pertanian Sesuai dengan Komoditas, Teknologi dan Spesifik Lokasi
3.27.02.2.01.0003	Perbanyakan Benih Bersertifikat Tanaman Pangan Berbentuk Biji/Benih
3.27.02.2.02.0002	Peningkatan Kualitas SDG Hewan/Tanaman
3.27.02.2.02.0003	Pemanfaatan SDG Hewan/Tanaman
3.27.02.2.03.0001	Pengawasan Mutu Benih/Bibit Ternak, Bahan Pakan/Pakan/Tanaman Skala Kecil
3.27.02.2.04.0001	Pemeriksaan Mutu, Khasiat dan Keamanan Peredaran Obat Hewan
3.27.03.2.01.0003	Koordinasi dan Sinkronisasi Prasarana Pendukung Pertanian Lainnya
3.27.03.2.02.0003	Pembangunan, Rehabilitasi dan Pemeliharaan Jalan Usaha Tani
3.27.03.2.02.0008	Pembangunan, Rehabilitasi dan Pemeliharaan Balai Penyuluh di Kecamatan serta Sarana Pendukungnya
3.27.03.2.02.0009	Pembangunan, Rehabilitasi dan Pemeliharaan Prasarana Pertanian Lainnya
3.27.03.2.02.0010	Rehabilitasi dan Pemeliharaan Jaringan Irigasi Usaha Tani
3.27.03.2.02.0015	Pembangunan, Rehabilitasi, Pemeliharaan dan operasionalisasi Rumah Potong Hewan
3.27.03.2.03.0001	Pelestarian dan Pemanfaatan Wilayah Sumber Bibit Ternak dan Rumpun/Galur Ternak
3.27.04.2.01.0005	Pelaksanaan Surveilans Penyakit Hewan dan Zoonosis pada Hewan
3.27.04.2.03.0002	Penyediaan Pelayanan Jasa Medik Veteriner
3.27.04.2.04.0002	Pengawasan Peredaran Hewan dan Produk Hewan
3.27.05.2.01.0001	Pengendalian Organisme Pengganggu Tumbuhan (OPT) Tanaman Pangan, Hortikultura, dan Perkebunan
3.27.07.2.01.0001	Peningkatan Kapasitas Kelembagaan Penyuluhan Pertanian di Kecamatan dan Desa
3.27.07.2.01.0002	Pengembangan Kapasitas Kelembagaan Petani di Kecamatan dan Desa
3.27.07.2.01.0006	Penyediaan dan Peningkatan Kapasitas Penyuluh pertanian
3.27.01.2.01.0001	Penyusunan Dokumen Perencanaan Perangkat Daerah
3.27.01.2.01.0006	Koordinasi dan Penyusunan Laporan Capaian Kinerja dan Ikhtisar Realisasi Kinerja SKPD
3.27.01.2.02.0001	Penyediaan Gaji dan Tunjangan ASN
3.27.01.2.02.0003	"Pelaksanaan Penatausahaan dan

Pengujian/Verifikasi Keuangan SKPD"
3.27.01.2.02.0007	Koordinasi dan Penyusunan Laporan Keuangan Bulanan/ Triwulanan/ Semesteran SKPD
3.27.01.2.03.0004	Pembinaan, Pengawasan, dan Pengendalian Barang Milik Daerah pada SKPD
3.27.01.2.06.0002	Penyediaan Peralatan dan Perlengkapan Kantor
3.27.01.2.06.0004	Penyediaan Bahan Logistik Kantor
3.27.01.2.08.0002	Penyediaan Jasa Komunikasi, Sumber Daya Air dan Listrik
3.27.01.2.08.0004	Penyediaan Jasa Pelayanan Umum Kantor
3.27.01.2.09.0002	Penyediaan Jasa Pemeliharaan, Biaya Pemeliharaan, Pajak dan Perizinan Kendaraan Dinas Operasional atau Lapangan
3.27.01.2.09.0009	Pemeliharaan/Rehabilitasi Gedung Kantor dan Bangunan Lainnya
2.17.03.2.01.0004	Pelaksanaan Proses Pemeriksaan dan Pengawasan Koperasi yang Wilayah Keanggotaannya Daerah Kabupaten/Kota
2.17.04.2.01.0001	Pelaksanaan Penilaian Kesehatan KSP/USP Koperasi Kewenangan Kabupaten/Kota
2.17.05.2.01.0001	Peningkatan Pemahaman dan Pengetahuan Perkoperasian serta Kapasitas dan Kompetensi SDM Koperasi
2.17.06.2.01.0005	Peningkatan Produktivitas, Nilai Tambah, Akses Pasar, Akses Pembiayaan, Penguatan Kelembagaan, Penataan Manajemen, Standarisasi, dan Restrukturisasi Usaha
2.17.07.2.01.0002	Pemberdayaan Melalui Kemitraan Usaha Mikro
2.17.07.2.01.0004	Pemberdayaan Kelembagaan Potensi dan Pengembangan Usaha Mikro
2.17.08.2.01.0003	Penumbuhan dan Pengembangan Kewirausahaan
3.30.03.2.01.0001	Penyediaan Sarana Distribusi Perdagangan
3.30.03.2.01.0002	Fasilitasi Pengelolaan Sarana Distribusi Perdagangan
3.30.03.2.02.0001	Pembinaan dan Pengendalian Pengelola Sarana Distribusi Perdagangan
3.30.04.2.02.0001	Pemantauan Harga dan Stok Barang Kebutuhan Pokok dan Barang Penting pada Pelaku Usaha Distribusi Barang dalam 1 (Satu) Kabupaten/Kota 
3.30.05.2.01.0005	Peningkatan Citra Produk Ekspor 
3.30.06.2.01.0001	Pelaksanaan Metrologi Legal, Berupa Tera, Tera Ulang
3.30.06.2.01.0002	Pengawasan/Penyuluhan Metrologi Legal 
3.30.07.2.01.0005	Pelaksanaan Promosi Penggunaan Produk Dalam Negeri di Tingkat Kabupaten/Kota
3.30.07.2.01.0006	Pemasaran dan Peningkatan Penggunaan Produk Dalam Negeri di Tingkat Kabupaten/Kota
3.31.02.2.01.0002	Koordinasi, Sinkronisasi, dan Pelaksanaan Kebijakan Percepatan Pengembangan, Penyebaran dan Perwilayahan Industri
3.31.02.2.01.0003	Koordinasi, Sinkronisasi, dan Pelaksanaan Pembangunan Sumber Daya Industri
3.31.02.2.01.0005	Koordinasi, Sinkronisasi, dan Pelaksanaan Pemberdayaan Industri dan Peran Serta Masyarakat
3.31.03.2.01.0003	Koordinasi dan Sinkronisasi Pengawasan terhadap Perizinan Berusaha sektor perindustrian yang menjadi kewenangan Kabupaten/Kota
3.31.04.2.01.0002	Diseminasi, Publikasi Data Informasi dan Analisa Industri Kabupaten/Kota Melalui SIINas
3.31.01.2.01.0006	Koordinasi dan Penyusunan Laporan Capaian Kinerja dan Ikhtisar Realisasi Kinerja SKPD
3.31.01.2.02.0001	Penyediaan Gaji dan Tunjangan ASN
3.31.01.2.02.0003	"Pelaksanaan Penatausahaan dan

Pengujian/Verifikasi Keuangan SKPD"
3.31.01.2.04.0002	Analisa dan Pengembangan Retribusi Daerah, serta Penyusunan Kebijakan Retribusi Daerah
3.31.01.2.04.0007	Pelaporan Pengelolaan Retribusi Daerah
3.31.01.2.05.0009	Pendidikan dan Pelatihan Pegawai Berdasarkan Tugas dan Fungsi
3.31.01.2.06.0002	Penyediaan Peralatan dan Perlengkapan Kantor
3.31.01.2.06.0004	Penyediaan Bahan Logistik Kantor
3.31.01.2.06.0005	Penyediaan Barang Cetakan dan Penggandaan
3.31.01.2.07.0005	Pengadaan Mebel
3.31.01.2.07.0006	Pengadaan Peralatan dan Mesin Lainnya
3.31.01.2.08.0002	Penyediaan Jasa Komunikasi, Sumber Daya Air dan Listrik
3.31.01.2.08.0004	Penyediaan Jasa Pelayanan Umum Kantor
3.31.01.2.09.0001	Penyediaan Jasa Pemeliharaan, Biaya Pemeliharaan, dan Pajak Kendaraan Perorangan Dinas atau Kendaraan Dinas Jabatan
3.31.01.2.09.0009	Pemeliharaan/Rehabilitasi Gedung Kantor dan Bangunan Lainnya
3.31.01.2.09.0011	Pemeliharaan/Rehabilitasi Sarana dan Prasarana Pendukung Gedung Kantor atau Bangunan Lainnya
4.01.02.2.01.0001	Penataan Administrasi Pemerintahan
4.01.02.2.01.0002	Pengelolaan Administrasi Kewilayahan
4.01.02.2.01.0003	Fasilitasi Pelaksanaan Otonomi Daerah
4.01.02.2.02.0001	Fasilitasi Pengelolaan Bina Mental Spiritual
4.01.02.2.02.0002	Pelaksanaan Kebijakan, Evaluasi, dan Capaian Kinerja Terkait Kesejahteraan Sosial
4.01.02.2.02.0003	Pelaksanaan Kebijakan, Evaluasi, dan Capaian Kinerja Terkait Kesejahteraan Masyarakat
4.01.02.2.03.0001	Fasilitasi Penyusunan Produk Hukum Daerah
4.01.02.2.03.0002	Fasilitasi Bantuan Hukum
4.01.02.2.03.0003	"Pendokumentasian Produk Hukum dan

Pengelolaan Informasi Hukum"
4.01.02.2.04.0001	Fasilitasi Kerja Sama Dalam Negeri
4.01.02.2.04.0002	Fasilitasi Kerja Sama Luar Negeri
4.01.02.2.04.0003	Evaluasi Pelaksanaan Kerja Sama
4.01.03.2.01.0001	Koordinasi, Sinkronisasi, Monitoring dan Evaluasi Kebijakan Pengelolaan BUMD dan BLUD
4.01.03.2.01.0002	Pengendalian dan Distribusi Perekonomian
4.01.03.2.01.0003	Perencanaan dan Pengawasan Ekonomi Mikro Kecil
4.01.03.2.02.0001	Fasilitasi Penyusunan Program Pembangunan
4.01.03.2.02.0002	Pengendalian dan Evaluasi Program Pembangunan
4.01.03.2.02.0003	Pengelolaan Evaluasi dan Pelaporan Pelaksanaan Pembangunan
4.01.03.2.03.0001	Pengelolaan Pengadaan Barang dan Jasa
4.01.03.2.03.0002	Pengelolaan Layanan Pengadaan Secara Elektronik
4.01.03.2.03.0003	Pembinaan dan Advokasi Pengadaan Barang dan Jasa
4.01.03.2.04.0001	Koordinasi, Sinkronisasi dan Evaluasi Kebijakan Pertanian, Kehutanan, Kelautan, dan Perikanan
4.01.03.2.04.0002	Koordinasi, Sinkronisasi dan Evaluasi Kebijakan Pertambangan dan Lingkungan Hidup
4.01.03.2.04.0003	Koordinasi, Sinkronisasi dan Evaluasi Kebijakan Energi dan Air
4.01.01.2.02.0001	Penyediaan Gaji dan Tunjangan ASN
4.01.01.2.02.0003	"Pelaksanaan Penatausahaan dan

Pengujian/Verifikasi Keuangan SKPD"
4.01.01.2.02.0007	Koordinasi dan Penyusunan Laporan Keuangan Bulanan/ Triwulanan/ Semesteran SKPD
4.01.01.2.05.0001	Peningkatan Sarana dan Prasarana Disiplin Pegawai
4.01.01.2.05.0003	Pendataan dan Pengolahan Administrasi Kepegawaian
4.01.01.2.06.0001	"Penyediaan Komponen Instalasi

Listrik/Penerangan Bangunan Kantor"
4.01.01.2.06.0002	Penyediaan Peralatan dan Perlengkapan Kantor
4.01.01.2.06.0003	Penyediaan Peralatan Rumah Tangga
4.01.01.2.06.0004	Penyediaan Bahan Logistik Kantor
4.01.01.2.06.0005	Penyediaan Barang Cetakan dan Penggandaan
4.01.01.2.06.0008	Fasilitasi Kunjungan Tamu
4.01.01.2.07.0002	Pengadaan Kendaraan Dinas Operasional atau Lapangan
4.01.01.2.07.0005	Pengadaan Mebel
4.01.01.2.07.0006	Pengadaan Peralatan dan Mesin Lainnya
4.01.01.2.08.0002	Penyediaan Jasa Komunikasi, Sumber Daya Air dan Listrik
4.01.01.2.08.0003	Penyediaan Jasa Peralatan dan Perlengkapan Kantor
4.01.01.2.08.0004	Penyediaan Jasa Pelayanan Umum Kantor
4.01.01.2.09.0001	Penyediaan Jasa Pemeliharaan, Biaya Pemeliharaan, dan Pajak Kendaraan Perorangan Dinas atau Kendaraan Dinas Jabatan
4.01.01.2.09.0002	Penyediaan Jasa Pemeliharaan, Biaya Pemeliharaan, Pajak dan Perizinan Kendaraan Dinas Operasional atau Lapangan
4.01.01.2.09.0005	Pemeliharaan Mebel
4.01.01.2.09.0006	Pemeliharaan Peralatan dan Mesin Lainnya
4.01.01.2.09.0009	Pemeliharaan/Rehabilitasi Gedung Kantor dan Bangunan Lainnya
4.01.01.2.09.0011	Pemeliharaan/Rehabilitasi Sarana dan Prasarana Pendukung Gedung Kantor atau Bangunan Lainnya
4.01.01.2.11.0001	Penyediaan Gaji dan Tunjangan Kepala Daerah dan Wakil Kepala Daerah
4.01.01.2.11.0002	Penyediaan Pakaian Dinas dan Atribut Kelengkapan Kepala Daerah dan Wakil Kepala Daerah
4.01.01.2.11.0003	Pelaksanaan Medical Check Up Kepala Daerah dan Wakil Kepala Daerah
4.01.01.2.11.0004	Penyediaan Dana Penunjang Operasional Kepala Daerah dan Wakil Kepala Daerah
4.01.01.2.12.0001	Penyediaan Kebutuhan Rumah Tangga Kepala Daerah
4.01.01.2.12.0002	Penyediaan Kebutuhan Rumah Tangga Wakil Kepala Daerah
4.01.01.2.12.0003	Penyediaan Kebutuhan Rumah Tangga Sekretariat Daerah
4.01.01.2.13.0001	Pengelolaan Kelembagaan dan Analisis Jabatan
4.01.01.2.13.0002	Fasilitasi Pelayanan Publik dan Tata Laksana
4.01.01.2.13.0003	Peningkatan Kinerja dan Reformasi Birokrasi
4.01.01.2.14.0001	Fasilitasi Keprotokolan
4.01.01.2.14.0002	Fasilitasi Komunikasi Pimpinan
4.01.01.2.14.0003	Pendokumentasian Tugas Pimpinan
4.02.02.2.01.0002	Pembahasan Rancangan Peraturan Daerah
4.02.02.2.01.0004	"Fasilitasi Penyusunan Penjelasan/Keterangan

Naskah Akademik"
4.02.02.2.02.0001	Pembahasan KUA dan PPAS
4.02.02.2.02.0002	Pembahasan Perubahan KUA dan Perubahan PPAS
4.02.02.2.02.0003	Pembahasan APBD
4.02.02.2.02.0004	Pembahasan APBD Perubahan
4.02.02.2.02.0005	Pembahasan Laporan Semester
4.02.02.2.02.0006	Pembahasan Pertanggungjawaban APBD
4.02.02.2.03.0001	Pengawasan Urusan Pemerintahan Bidang Pemerintahan dan Hukum
4.02.02.2.03.0002	Pengawasan Urusan Pemerintahan Bidang Infrastruktur
4.02.02.2.03.0003	Pengawasan Urusan Pemerintahan Bidang Kesejahteraan Rakyat
4.02.02.2.03.0004	Pengawasan Urusan Pemerintahan Bidang Perekonomian
4.02.02.2.03.0008	"Pembahasan Laporan Keterangan

Pertanggungjawaban Kepala Daerah"
4.02.02.2.04.0002	Pendalaman Tugas DPRD
4.02.02.2.04.0005	Penyediaan Tenaga Ahli Fraksi
4.02.02.2.04.0006	Penyelenggaraan Hubungan Masyarakat
4.02.02.2.04.0007	Penyusunan Program Kerja DPRD
4.02.02.2.04.0008	Publikasi dan Dokumentasi DPRD
4.02.02.2.05.0002	Penyusunan Pokok-Pokok Pikiran DPRD
4.02.02.2.05.0003	Pelaksanaan Reses
4.02.02.2.06.0002	Pengawasan Kode Etik DPRD
4.02.02.2.08.0001	Koordinasi dan Konsultasi Pelaksanaan Tugas DPRD
4.02.02.2.08.0002	Penyusunan Laporan Kinerja DPRD
4.02.02.2.08.0003	Fasilitasi Pelaksanaan Tugas Badan Musyawarah
4.02.02.2.08.0004	Fasilitasi Tugas Pimpinan DPRD
4.02.01.2.01.0001	Penyusunan Dokumen Perencanaan Perangkat Daerah
4.02.01.2.01.0006	Koordinasi dan Penyusunan Laporan Capaian Kinerja dan Ikhtisar Realisasi Kinerja SKPD
4.02.01.2.02.0001	Penyediaan Gaji dan Tunjangan ASN
4.02.01.2.02.0003	"Pelaksanaan Penatausahaan dan

Pengujian/Verifikasi Keuangan SKPD"
4.02.01.2.05.0009	Pendidikan dan Pelatihan Pegawai Berdasarkan Tugas dan Fungsi
4.02.01.2.06.0002	Penyediaan Peralatan dan Perlengkapan Kantor
4.02.01.2.06.0004	Penyediaan Bahan Logistik Kantor
4.02.01.2.06.0010	Penatausahaan Arsip Dinamis pada SKPD
4.02.01.2.07.0006	Pengadaan Peralatan dan Mesin Lainnya
4.02.01.2.08.0002	Penyediaan Jasa Komunikasi, Sumber Daya Air dan Listrik
4.02.01.2.08.0004	Penyediaan Jasa Pelayanan Umum Kantor
4.02.01.2.09.0001	Penyediaan Jasa Pemeliharaan, Biaya Pemeliharaan, dan Pajak Kendaraan Perorangan Dinas atau Kendaraan Dinas Jabatan
4.02.01.2.09.0002	Penyediaan Jasa Pemeliharaan, Biaya Pemeliharaan, Pajak dan Perizinan Kendaraan Dinas Operasional atau Lapangan
4.02.01.2.09.0006	Pemeliharaan Peralatan dan Mesin Lainnya
4.02.01.2.09.0009	Pemeliharaan/Rehabilitasi Gedung Kantor dan Bangunan Lainnya
4.02.01.2.15.0001	Penyelenggaraan Administrasi Keuangan DPRD
4.02.01.2.15.0002	Penyediaan Pakaian Dinas dan Atribut DPRD
4.02.01.2.15.0003	Pelaksanaan Medical Check Up DPRD
5.01.02.2.01.0005	Pelaksanaan Musrenbang Kabupaten/Kota
5.01.02.2.01.0007	Koordinasi Penyusunan dan Penetapan Dokumen Perencanaan Pembangunan Daerah Kabupaten/Kota
5.01.03.2.01.0001	Koordinasi Penyusunan Dokumen Perencanaan Pembangunan Daerah Bidang Pemerintahan (RPJPD, RPJMD dan RKPD)
5.01.03.2.01.0003	Pelaksanaan Monitoring dan Evaluasi Penyusunan Dokumen Perencanaan Pembangunan Perangkat Daerah Bidang Pemerintahan
5.01.03.2.01.0005	Koordinasi Penyusunan Dokumen Perencanaan Pembangunan Daerah Bidang Pembangunan Manusia (RPJPD, RPJMD dan RKPD)
5.01.03.2.02.0001	Koordinasi Penyusunan Dokumen Perencanaan Pembangunan Daerah Bidang Perekonomian (RPJPD, RPJMD dan RKPD)
5.01.03.2.02.0005	Koordinasi Penyusunan Dokumen Perencanaan Pembangunan Daerah Bidang SDA (RPJPD, RPJMD dan RKPD)
5.01.03.2.03.0003	Pelaksanaan Monitoring dan Evaluasi Penyusunan Dokumen Perencanaan Pembangunan Perangkat Daerah Bidang Infrastruktur
5.01.03.2.03.0004	Koordinasi Pelaksanaan Sinergitas dan Harmonisasi Perencanaan Pembangunan Daerah Bidang Infrastruktur
5.01.03.2.03.0007	Pelaksanaan Monitoring dan Evaluasi Penyusunan Dokumen Perencanaan Pembangunan Perangkat Daerah Bidang Kewilayahan
5.01.03.2.03.0008	Koordinasi Pelaksanaan Sinergitas dan Harmonisasi Perencanaan Pembangunan Daerah Bidang Kewilayahan
5.01.01.2.01.0006	Koordinasi dan Penyusunan Laporan Capaian Kinerja dan Ikhtisar Realisasi Kinerja SKPD
5.01.01.2.02.0001	Penyediaan Gaji dan Tunjangan ASN
5.01.01.2.02.0003	"Pelaksanaan Penatausahaan dan

Pengujian/Verifikasi Keuangan SKPD"
5.01.01.2.06.0002	Penyediaan Peralatan dan Perlengkapan Kantor
5.01.01.2.06.0004	Penyediaan Bahan Logistik Kantor
5.01.01.2.08.0002	Penyediaan Jasa Komunikasi, Sumber Daya Air dan Listrik
5.01.01.2.08.0004	Penyediaan Jasa Pelayanan Umum Kantor
5.01.01.2.09.0001	Penyediaan Jasa Pemeliharaan, Biaya Pemeliharaan, dan Pajak Kendaraan Perorangan Dinas atau Kendaraan Dinas Jabatan
5.01.01.2.09.0010	Pemeliharaan/Rehabilitasi Sarana dan Prasarana Gedung Kantor atau Bangunan Lainnya
5.05.02.2.02.0010	Penelitian dan Pengembangan Partisipasi Masyarakat
5.05.02.2.04.0001	Penelitian, Pengembangan, dan Perekayasaan di Bidang Teknologi dan Inovasi
5.02.02.2.01.0001	Koordinasi dan Penyusunan KUA dan PPAS
5.02.02.2.01.0002	Koordinasi dan Penyusunan Perubahan KUA dan Perubahan PPAS
5.02.02.2.01.0003	Koordinasi, Penyusunan dan Verifikasi RKA-SKPD
5.02.02.2.01.0004	Koordinasi, Penyusunan dan Verifikasi Perubahan RKA-SKPD
5.02.02.2.01.0007	Koordinasi dan Penyusunan Peraturan Daerah tentang APBD dan Peraturan Kepala Daerah tentang Penjabaran APBD
5.02.02.2.01.0008	Koordinasi dan Penyusunan Peraturan Daerah tentang Perubahan APBD dan Peraturan Kepala Daerah tentang Penjabaran Perubahan APBD
5.02.02.2.01.0013	Pembinaan Perencanaan Penganggaran Daerah Pemerintah Kabupaten/Kota
5.02.02.2.02.0001	Koordinasi dan Pengelolaan Kas Daerah
5.02.02.2.02.0003	Penyiapan, Pelaksanaan Pengendalian dan Penerbitan Anggaran Kas dan SPD
5.02.02.2.02.0005	Koordinasi, Fasilitasi, Asistensi, Sinkronisasi, Supervisi, Monitoring dan Evaluasi Pengelolaan Dana Perimbangan dan Dana Transfer Lainnya
5.02.02.2.02.0007	Koordinasi dan Penyusunan Laporan Realisasi Penerimaan dan Pengeluaran Kas Daerah, Laporan Aliran Kas, dan Pelaksanaan Pemungutan/ Pemotongan dan Penyetoran Perhitungan Fihak Ketiga (PFK)
5.02.02.2.02.0011	Pembinaan Penatausahaan Keuangan Pemerintah Kabupaten/Kota
5.02.02.2.03.0001	Koordinasi Pelaksanaan Akuntansi Penerimaan dan Pengeluaran Kas Daerah
5.02.02.2.03.0003	Koordinasi Penyusunan Laporan Pertanggungjawaban Pelaksanaan APBD Bulanan, Triwulanan dan Semesteran
5.02.02.2.03.0004	Konsolidasi Laporan Keuangan SKPD, BLUD dan Laporan Keuangan Pemerintah Daerah
5.02.02.2.03.0005	Koordinasi dan Penyusunan Rancangan Peraturan Daerah tentang Pertanggungjawaban Pelaksanaan APBD Kabupaten/Kota dan Rancangan Peraturan Kepala Daerah tentang Penjabaran Pertanggungjawaban Pelaksanaan APBD Kabupaten/Kota
5.02.02.2.03.0007	Koordinasi, Sinkronisasi, dan Penyelesaian Tuntutan Perbendaharaan dan Tuntutan Kerugian Daerah
5.02.02.2.04.0004	Analisis Perencanaan dan Pelaksanaan Pembayaran Cicilan Pokok dan Bunga Pinjaman Pemerintah Daerah
5.02.02.2.04.0008	Analisis Perencanaan dan Penyaluran Bantuan Keuangan
5.02.02.2.04.0009	Pengelolaan Dana Darurat dan Mendesak
5.02.02.2.04.0010	Pengelolaan Dana bagi Hasil Kabupaten/Kota
5.02.02.2.05.0003	Pembinaan Sistem Informasi Pemerintah Daerah Bidang Keuangan Daerah Pemerintah Kabupaten/Kota
5.02.03.2.01.0001	Penyusunan Standar Harga
5.02.03.2.01.0007	Pengamanan Barang Milik Daerah
5.02.03.2.01.0009	Pengawasan dan Pengendalian Pengelolaan Barang Milik Daerah
5.02.03.2.01.0011	Rekonsiliasi dalam rangka Penyusunan Laporan Barang Milik Daerah
5.02.04.2.01.0002	Analisa dan Pengembangan Pajak Daerah, serta Penyusunan Kebijakan Pajak Daerah
5.02.04.2.01.0003	Penyuluhan dan Penyebarluasan Kebijakan Pajak Daerah
5.02.04.2.01.0004	Penyediaan Sarana dan Prasarana Pengelolaan Pajak Daerah
5.02.04.2.01.0005	Pendataan dan Pendaftaran Objek Pajak Daerah
5.02.04.2.01.0006	Pengolahan, Pemeliharaan, dan Pelaporan Basis Data Pajak Daerah
5.02.04.2.01.0007	Penilaian Pajak Bumi dan Bangunan Perdesaan dan Perkotaan (PBBP2) serta Bea Perolehan Hak atas Tanah dan Bangunan (BPHTB)
5.02.04.2.01.0008	Penetapan Wajib Pajak Daerah
5.02.04.2.01.0009	Pelayanan dan Konsultasi Pajak Daerah
5.02.04.2.01.0011	Penagihan Pajak Daerah
5.02.04.2.01.0013	Pengendalian, Pemeriksaan dan Pengawasan Pajak Daerah
5.02.04.2.01.0014	Pembinaan dan Pengawasan Pengelolaan Pajak Daerah dan Retribusi Daerah
5.02.04.2.01.0015	Elektronifikasi Transaksi Pemerintah Daerah
5.02.01.2.01.0001	Penyusunan Dokumen Perencanaan Perangkat Daerah
5.02.01.2.01.0006	Koordinasi dan Penyusunan Laporan Capaian Kinerja dan Ikhtisar Realisasi Kinerja SKPD
5.02.01.2.02.0001	Penyediaan Gaji dan Tunjangan ASN
5.02.01.2.02.0003	"Pelaksanaan Penatausahaan dan

Pengujian/Verifikasi Keuangan SKPD"
5.02.01.2.02.0007	Koordinasi dan Penyusunan Laporan Keuangan Bulanan/ Triwulanan/ Semesteran SKPD
5.02.01.2.05.0011	Bimbingan Teknis Implementasi Peraturan Perundang-Undangan
5.02.01.2.06.0002	Penyediaan Peralatan dan Perlengkapan Kantor
5.02.01.2.06.0004	Penyediaan Bahan Logistik Kantor
5.02.01.2.07.0002	Pengadaan Kendaraan Dinas Operasional atau Lapangan
5.02.01.2.07.0006	Pengadaan Peralatan dan Mesin Lainnya
5.02.01.2.08.0002	Penyediaan Jasa Komunikasi, Sumber Daya Air dan Listrik
5.02.01.2.08.0004	Penyediaan Jasa Pelayanan Umum Kantor
5.02.01.2.09.0001	Penyediaan Jasa Pemeliharaan, Biaya Pemeliharaan, dan Pajak Kendaraan Perorangan Dinas atau Kendaraan Dinas Jabatan
5.02.01.2.09.0010	Pemeliharaan/Rehabilitasi Sarana dan Prasarana Gedung Kantor atau Bangunan Lainnya
5.03.02.2.01.0003	Koordinasi dan Fasilitasi Pengadaan PNS dan PPPK
5.03.02.2.01.0006	"Koordinasi Pelaksanaan Administrasi

Pemberhentian"
5.03.02.2.01.0008	Fasilitasi Lembaga Profesi ASN
5.03.02.2.01.0010	Pengelolaan Sistem Informasi Kepegawaian
5.03.02.2.02.0001	Pengelolaan Mutasi ASN
5.03.02.2.02.0002	Pengelolaan Kenaikan Pangkat ASN
5.03.02.2.02.0003	Pengelolaan Promosi ASN
5.03.02.2.03.0002	Pengelolaan Assessment Center
5.03.02.2.03.0004	Pengelolaan Pendidikan Lanjutan ASN
5.03.02.2.04.0002	Pelaksanaan Penilaian dan Evaluasi Kinerja Aparatur
5.03.02.2.04.0004	Pengelolaan Pemberian Penghargaan bagi Pegawai
5.03.02.2.04.0007	Pembinaan Disiplin ASN
5.03.01.2.01.0001	Penyusunan Dokumen Perencanaan Perangkat Daerah
5.03.01.2.02.0001	Penyediaan Gaji dan Tunjangan ASN
5.03.01.2.02.0003	"Pelaksanaan Penatausahaan dan

Pengujian/Verifikasi Keuangan SKPD"
5.03.01.2.02.0007	Koordinasi dan Penyusunan Laporan Keuangan Bulanan/ Triwulanan/ Semesteran SKPD
5.03.01.2.06.0002	Penyediaan Peralatan dan Perlengkapan Kantor
5.03.01.2.06.0004	Penyediaan Bahan Logistik Kantor
5.03.01.2.07.0010	Pengadaan Sarana dan Prasarana Gedung Kantor atau Bangunan Lainnya
5.03.01.2.07.0011	Pengadaan Sarana dan Prasarana Pendukung Gedung Kantor atau Bangunan Lainnya
5.03.01.2.08.0002	Penyediaan Jasa Komunikasi, Sumber Daya Air dan Listrik
5.03.01.2.08.0004	Penyediaan Jasa Pelayanan Umum Kantor
5.03.01.2.09.0002	Penyediaan Jasa Pemeliharaan, Biaya Pemeliharaan, Pajak dan Perizinan Kendaraan Dinas Operasional atau Lapangan
5.03.01.2.09.0009	Pemeliharaan/Rehabilitasi Gedung Kantor dan Bangunan Lainnya
5.03.01.2.09.0011	Pemeliharaan/Rehabilitasi Sarana dan Prasarana Pendukung Gedung Kantor atau Bangunan Lainnya
5.04.02.2.01.0003	Penyelenggaraan Pengembangan Kompetensi Teknis Umum, Inti, dan Pilihan bagi Jabatan Administrasi Penyelenggara Urusan Pemerintahan Konkuren, Perangkat Daerah Penunjang, dan Urusan Pemerintahan Umum
5.04.02.2.02.0007	Penyelenggaraan Pengembangan Kompetensi bagi Pimpinan Daerah, Jabatan Pimpinan Tinggi, Jabatan Fungsional, Kepemimpinan, dan Prajabatan
6.01.02.2.01.0001	Pengawasan Kinerja Pemerintah Daerah
6.01.02.2.01.0002	Pengawasan Keuangan Pemerintah Daerah
6.01.02.2.01.0003	Reviu Laporan Kinerja
6.01.02.2.01.0004	Reviu Laporan Keuangan
6.01.02.2.01.0005	Pengawasan Desa
6.01.02.2.01.0006	Kerja Sama Pengawasan Internal
6.01.02.2.01.0007	Monitoring dan Evaluasi Tindak Lanjut Hasil Pemeriksaan BPK RI dan Tindak Lanjut Hasil Pemeriksaan APIP
6.01.02.2.02.0001	"Penanganan Penyelesaian Kerugian

Negara/Daerah"
6.01.02.2.02.0002	Pengawasan dengan Tujuan Tertentu
6.01.03.2.01.0001	Perumusan Kebijakan Teknis di Bidang Pengawasan
6.01.03.2.01.0002	Perumusan Kebijakan Teknis di Bidang Fasilitasi Pengawasan
6.01.03.2.02.0001	Pendampingan dan Asistensi Urusan Pemerintahan Daerah
6.01.03.2.02.0002	Pendampingan, Asistensi, Verifikasi, dan Penilaian Reformasi Birokrasi
6.01.03.2.02.0003	Koordinasi, Monitoring dan Evaluasi serta Verifikasi Pencegahan dan Pemberantasan Korupsi
6.01.03.2.02.0004	Pendampingan, Asistensi dan Verifikasi Penegakan Integritas
6.01.01.2.02.0001	Penyediaan Gaji dan Tunjangan ASN
6.01.01.2.02.0003	"Pelaksanaan Penatausahaan dan

Pengujian/Verifikasi Keuangan SKPD"
6.01.01.2.05.0009	Pendidikan dan Pelatihan Pegawai Berdasarkan Tugas dan Fungsi
6.01.01.2.05.0010	Sosialisasi Peraturan Perundang-Undangan
6.01.01.2.06.0004	Penyediaan Bahan Logistik Kantor
6.01.01.2.08.0002	Penyediaan Jasa Komunikasi, Sumber Daya Air dan Listrik
6.01.01.2.08.0004	Penyediaan Jasa Pelayanan Umum Kantor
6.01.01.2.09.0001	Penyediaan Jasa Pemeliharaan, Biaya Pemeliharaan, dan Pajak Kendaraan Perorangan Dinas atau Kendaraan Dinas Jabatan
6.01.01.2.09.0002	Penyediaan Jasa Pemeliharaan, Biaya Pemeliharaan, Pajak dan Perizinan Kendaraan Dinas Operasional atau Lapangan
6.01.01.2.09.0010	Pemeliharaan/Rehabilitasi Sarana dan Prasarana Gedung Kantor atau Bangunan Lainnya
6.01.01.2.09.0011	Pemeliharaan/Rehabilitasi Sarana dan Prasarana Pendukung Gedung Kantor atau Bangunan Lainnya
7.01.02.2.04.0002	Pelaksanaan Urusan Pemerintahan yang terkait dengan Nonperizinan
7.01.02.2.04.0003	Pelaksanaan Urusan Pemerintahan yang Terkait dengan Kewenangan Lain yang Dilimpahkan
7.01.03.2.02.0001	Peningkatan Partisipasi Masyarakat dalam Forum Musyawarah Perencanaan Pembangunan di Kelurahan
7.01.03.2.02.0002	Pembangunan Sarana dan Prasarana Kelurahan
7.01.03.2.02.0003	Pemberdayaan Masyarakat di Kelurahan
7.01.05.2.01.0008	Pelaksanaan Tugas Forum Koordinasi Pimpinan di Kecamatan
7.01.06.2.01.0002	Fasilitasi Administrasi Tata Pemerintahan Desa
7.01.06.2.01.0003	Fasilitasi Pengelolaan Keuangan Desa dan Pendayagunaan Aset Desa
7.01.06.2.01.0009	Fasilitasi Sinkronisasi Perencanaan Pembangunan Daerah dengan Pembangunan Desa
7.01.06.2.01.0011	Fasilitasi Penyelenggaraan Ketenteraman dan Ketertiban Umum
7.01.06.2.01.0017	Koordinasi Pendampingan Desa di Wilayahnya
7.01.01.2.01.0001	Penyusunan Dokumen Perencanaan Perangkat Daerah
7.01.01.2.02.0001	Penyediaan Gaji dan Tunjangan ASN
7.01.01.2.02.0003	"Pelaksanaan Penatausahaan dan

Pengujian/Verifikasi Keuangan SKPD"
7.01.01.2.02.0007	Koordinasi dan Penyusunan Laporan Keuangan Bulanan/ Triwulanan/ Semesteran SKPD
7.01.01.2.06.0002	Penyediaan Peralatan dan Perlengkapan Kantor
7.01.01.2.06.0004	Penyediaan Bahan Logistik Kantor
7.01.01.2.07.0010	Pengadaan Sarana dan Prasarana Gedung Kantor atau Bangunan Lainnya
7.01.01.2.08.0002	Penyediaan Jasa Komunikasi, Sumber Daya Air dan Listrik
7.01.01.2.08.0004	Penyediaan Jasa Pelayanan Umum Kantor
7.01.01.2.09.0001	Penyediaan Jasa Pemeliharaan, Biaya Pemeliharaan, dan Pajak Kendaraan Perorangan Dinas atau Kendaraan Dinas Jabatan
7.01.01.2.09.0002	Penyediaan Jasa Pemeliharaan, Biaya Pemeliharaan, Pajak dan Perizinan Kendaraan Dinas Operasional atau Lapangan
7.01.01.2.09.0009	Pemeliharaan/Rehabilitasi Gedung Kantor dan Bangunan Lainnya
7.01.01.2.09.0010	Pemeliharaan/Rehabilitasi Sarana dan Prasarana Gedung Kantor atau Bangunan Lainnya
7.01.02.2.02.0003	Peningkatan Efektifitas Pelaksanaan Pelayanan kepada Masyarakat di Wilayah Kecamatan
7.01.02.2.03.0001	Koordinasi/Sinergi dengan Perangkat Daerah dan/atau Instansi Vertikal yang Terkait dalam Pemeliharaan Sarana dan Prasarana Pelayanan Umum
7.01.02.2.04.0001	Pelaksanaan Urusan Pemerintahan yang Terkait dengan Pelayanan Perizinan Non Usaha
7.01.03.2.01.0003	Peningkatan Efektifitas Kegiatan Pemberdayaan Masyarakat di Wilayah Kecamatan
7.01.03.2.03.0002	Peningkatan Kapasitas Lembaga Kemasyarakatan
7.01.06.2.01.0001	"Fasilitasi Penyusunan Peraturan Desa dan

Peraturan Kepala Desa"
7.01.06.2.01.0006	Fasilitasi Pelaksanaan Pemilihan Kepala Desa
7.01.06.2.01.0016	Fasilitasi Penyusunan Program dan Pelaksanaan Pemberdayaan Masyarakat Desa
7.01.01.2.01.0006	Koordinasi dan Penyusunan Laporan Capaian Kinerja dan Ikhtisar Realisasi Kinerja SKPD
7.01.01.2.07.0006	Pengadaan Peralatan dan Mesin Lainnya
7.01.03.2.02.0004	Evaluasi Kelurahan
7.01.01.2.07.0011	Pengadaan Sarana dan Prasarana Pendukung Gedung Kantor atau Bangunan Lainnya
7.01.01.2.09.0011	Pemeliharaan/Rehabilitasi Sarana dan Prasarana Pendukung Gedung Kantor atau Bangunan Lainnya
7.01.03.2.01.0001	Peningkatan Partisipasi Masyarakat dalam Forum Musyawarah Perencanaan Pembangunan di Desa
7.01.01.2.06.0001	"Penyediaan Komponen Instalasi

Listrik/Penerangan Bangunan Kantor"
7.01.01.2.07.0005	Pengadaan Mebel
7.01.01.2.07.0007	Pengadaan Aset Tetap Lainnya
7.01.01.2.07.0009	Pengadaan Gedung Kantor atau Bangunan Lainnya
7.01.02.2.01.0001	Koordinasi/Sinergi Perencanaan dan Pelaksanaan Kegiatan Pemerintahan dengan Perangkat Daerah dan Instansi Vertikal Terkait
7.01.03.2.03.0004	Fasilitasi Pengembangan Usaha Ekonomi Masyarakat
7.01.01.2.01.0002	Koordinasi dan Penyusunan Dokumen RKA-SKPD
7.01.01.2.06.0009	Penyelenggaraan Rapat Koordinasi dan Konsultasi SKPD
7.01.04.2.01.0001	Sinergitas dengan Kepolisian Negara Republik Indonesia, Tentara Nasional Indonesia dan Instansi Vertikal di Wilayah Kecamatan
7.01.04.2.01.0002	Harmonisasi Hubungan dengan Tokoh Agama dan Tokoh Masyarakat
8.01.02.2.01.0004	Pelaksanaan Koordinasi di Bidang Ideologi Wawasan Kebangsaan, Bela Negara, Karakter Bangsa, Pembauran Kebangsaan, Bineka Tunggal Ika dan Sejarah Kebangsaan
8.01.03.2.01.0002	Penyusunan Bahan Perumusan Kebijakan di Bidang Pendidikan Politik, Etika Budaya Politik, Peningkatan Demokrasi, Fasilitasi Kelembagaan Pemerintahan, Perwakilan dan Partai Politik, Pemilihan Umum/Pemilihan Umum Kepala Daerah, serta Pemantauan Situasi Politik di Daerah
8.01.03.2.01.0004	Pelaksanaan Koordinasi di Bidang Pendidikan Politik, Etika Budaya Politik, Peningkatan Demokrasi, Fasilitasi Kelembagaan Pemerintahan, Perwakilan dan Partai Politik, Pemilihan Umum/Pemilihan Umum Kepala Daerah, serta Pemantauan Situasi Politik di Daerah
8.01.03.2.01.0005	Pelaksanaan Monitoring, Evaluasi dan Pelaporan di Bidang Pendidikan Politik, Etika Budaya Politik, Peningkatan Demokrasi, Fasilitasi Kelembagaan Pemerintahan, Perwakilan dan Partai Politik, Pemilihan Umum/Pemilihan Umum Kepala Daerah, serta Pemantauan Situasi Politik di Daerah
8.01.04.2.01.0003	Pelaksanaan Kebijakan di Bidang Pendaftaran Ormas, Pemberdayaan Ormas, Evaluasi dan Mediasi Sengketa Ormas, Pengawasan Ormas dan Ormas Asing di Daerah
8.01.04.2.01.0004	Pelaksanaan Koordinasi di Bidang Pendaftaran Ormas, Pemberdayaan Ormas, Evaluasi dan Mediasi Sengketa Ormas, Pengawasan Ormas dan Ormas Asing di Daerah
8.01.05.2.01.0003	Pelaksanaan Kebijakan di Bidang Ketahanan Ekonomi, Sosial, Budaya dan Fasilitasi Pencegahan Penyalagunaan Narkotika, Fasilitasi Kerukunan Umat Beragama dan Penghayat Kepercayaan di Daerah
8.01.05.2.01.0005	Pelaksanaan Monitoring, Evaluasi dan Pelaporan di Bidang Ketahanan Ekonomi, Sosial, Budaya dan Fasilitasi Pencegahan Penyalagunaan Narkotika, Fasilitasi Kerukunan Umat Beragama dan Penghayat Kepercayaan di Daerah
8.01.06.2.01.0001	Penyusunan Program Kerja di Bidang Kewaspadaan Dini, Kerja Sama Intelijen, Pemantauan Orang Asing, Tenaga Kerja Asing dan Lembaga Asing, Kewaspadaan Perbatasan antar Negara, Fasilitasi Kelembagaan Bidang Kewaspadaan, serta Penanganan Konflik di Daerah
8.01.06.2.01.0002	Penyusunan Bahan Perumusan Kebijakan di Bidang Kewaspadaan Dini, Kerja Sama Intelijen, Pemantauan Orang Asing, Tenaga Kerja Asing dan Lembaga Asing, Kewaspadaan Perbatasan antar Negara, Fasilitasi Kelembagaan Bidang Kewaspadaan, serta Penanganan Konflik di Daerah
8.01.06.2.01.0003	Pelaksanaan Kebijakan di Bidang Kewaspadaan Dini, Kerja Sama Intelijen, Pemantauan Orang Asing, Tenaga Kerja Asing dan Lembaga Asing, Kewaspadaan Perbatasan antar Negara, Fasilitasi Kelembagaan Bidang Kewaspadaan, serta Penanganan Konflik di Daerah
8.01.06.2.01.0006	Pelaksanaan Forum Koordinasi Pimpinan Daerah Kabupaten/Kota
8.01.01.2.01.0001	Penyusunan Dokumen Perencanaan Perangkat Daerah
8.01.01.2.01.0006	Koordinasi dan Penyusunan Laporan Capaian Kinerja dan Ikhtisar Realisasi Kinerja SKPD
8.01.01.2.02.0001	Penyediaan Gaji dan Tunjangan ASN
8.01.01.2.02.0003	"Pelaksanaan Penatausahaan dan

Pengujian/Verifikasi Keuangan SKPD"
8.01.01.2.06.0002	Penyediaan Peralatan dan Perlengkapan Kantor
8.01.01.2.06.0004	Penyediaan Bahan Logistik Kantor
8.01.01.2.07.0010	Pengadaan Sarana dan Prasarana Gedung Kantor atau Bangunan Lainnya
8.01.01.2.08.0002	Penyediaan Jasa Komunikasi, Sumber Daya Air dan Listrik
8.01.01.2.08.0004	Penyediaan Jasa Pelayanan Umum Kantor
8.01.01.2.09.0001	Penyediaan Jasa Pemeliharaan, Biaya Pemeliharaan, dan Pajak Kendaraan Perorangan Dinas atau Kendaraan Dinas Jabatan
8.01.01.2.09.0010	Pemeliharaan/Rehabilitasi Sarana dan Prasarana Gedung Kantor atau Bangunan Lainnya
